100% Country Rock	http://streamingp.shoutcast.com/JamendoLounge?lang=*	0
BCC Blues Rock Radio	https://free.rcast.net/12978	0
BluesRadio (MRG.fm)	https://str3.openstream.co/1833	0
Cajun Country Radio	https://das-edge17-live365-dal02.cdnstream.com/a18002	0
Exclusively James Taylor	https://nl4.mystreaming.net/er/jamestaylor/icecast.audio	0
Freebird Radio All Country-Rock!	https://free.rcast.net/836	0
Jack and Jill Radio; Pop Rock Dance 50s Big Band Classical Country Folk Jazz Blues: It's All Here!	https://free.rcast.net/246139	0
My Country Radio	https://das-edge16-live365-dal02.cdnstream.com/a72890	0
Ocean Beach Radio	http://ophanim.net:7130/;	0
Radio Eure du Blues	https://stream3.rcast.net/65263	0
Radio Funky	http://live.radiofunky.ro:8888/index.html	0
Radio stratford	https://das-edge62-live365-dal03.cdnstream.com/a78846	0
Renegade Rocker Country Radio	https://das-edge62-live365-dal03.cdnstream.com/a72654	0
RF Radio	http://page.streamerportal.com/2480?lang=*	0
Rooster Country 99.9	https://das-edge14-live365-dal02.cdnstream.com/a07480	0
Siskiyou Country	https://das-edge62-live365-dal03.cdnstream.com/a62730	0
Sound	https://sound.stream.laut.fm/sound	0
Texas Brew Radio	https://das-edge14-live365-dal02.cdnstream.com/a45082	0
The World Of Blues	https://das-edge17-live365-dal02.cdnstream.com/a21416	0
