0nlineradio Country	https://0nlineradio.stream13.radiohost.de/0r-country?upd-meta&upd-scheme=https&_art=dD0xNzY1OTgyOTIzJmQ9ZDMyYzc1MTUxYmNiZTIxN2FhMGY	0
1.FM - Classic Country Radio	https://strmreg.1.fm/ccountry_mobile_mp3	0
181.FM - Highway 181	http://listen.181fm.com/181-highway_128k.mp3	0
99.3 WCON My Country	http://ice10.securenetsystems.net/WCON	0
Allzic Radio Country	https://allzic32.ice.infomaniak.ch/allzic32.mp3	0
Best Net Radio - Country Oldies	http://bigrradio.cdnstream1.com/5158_128?listenerid=43889c39c8ecf4f87725056b0d737597&cb=179032.mp3	0
Big R Radio - Country Gold	http://bigrradio.cdnstream1.com/5195_128	0
CBN Cross Country	https://streams.cbnradio.com/country-128K	0
CFCW 840	https://newcap.leanstream.co/CFCWAM	0
CKDQ &quot;910 CFCW&quot;  Drumheller, AB	http://newcap.leanstream.co/CKDQAM	0
KKXA &quot;KXA 1520&quot; &amp; 101.1 Everett, WA	http://www.ophanim.net:9410/stream	0
Ocean Beach Radio	http://ophanim.net:7130/;	0
Sound	https://sound.stream.laut.fm/sound	0
Star 104 The Country Channel	http://sc1.cdn.radiostorm.com/1071_64	0
Todayâ€²s Hot Country	https://ais-sa2.cdnstream1.com/1398_128	0
WOBO 88.7 FM	https://ice64.securenetsystems.net/WOBO2	0
