1.FM Absolute Country Hits Radio	https://stream03.pcradio.biz/one_absolute_country-med	0
1.FM Classic Country Radio	https://stream03.pcradio.biz/one_class_country-med	0
Black Sea Online Radio Station	https://stream03.pcradio.biz/rad_blackserds-med	0
Country 105 Radio	https://stream03.pcradio.biz/country_105-med	0
Country Radio (Prague)	https://stream03.pcradio.biz/countryradio_cz-med	0
Country Radio Switzerland	https://stream03.pcradio.biz/countryradio_ch-med	0
Country Rocks Radio	https://stream03.pcradio.biz/countryrocksradio_com-med	0
Countrymusic24 Radio	https://stream03.pcradio.biz/countrymusic24-med	0
Free Americana Radio	https://stream03.pcradio.biz/freeamericana_com-med	0
HPR1 - Traditional Classic Country Radio	https://stream03.pcradio.biz/hpr1_tradcountry-med	0
HPR2 - Today's Classic Country Radio	https://stream03.pcradio.biz/hpr2_todaycountry-med	0
Lightning Country CNTY Radio	https://stream03.pcradio.biz/lightning_country-med	0
Oldies America Radio	https://stream03.pcradio.biz/rad_ldsmrc-med	0
Party Vibe Rock - Country Radio	https://stream03.pcradio.biz/partyvibe_rock-med	0
Radio 66	https://stream03.pcradio.biz/radio_66-med	0
Radio Country Acadienne	https://stream03.pcradio.biz/country_acadienne-med	0
Radio Dixie	https://stream03.pcradio.biz/dixie_cz-med	0
Rádio Folk Radio	https://stream03.pcradio.biz/folk_cz-med	0
Radio Padova - Country	https://stream03.pcradio.biz/rpd_country-med	0
Radio Riel - Ragtime	https://stream03.pcradio.biz/radioriel_ragtime-med	0
Rádio Samson FM Radio	https://stream03.pcradio.biz/samson_fm-med	0
RadioAchterhoek	https://stream03.pcradio.biz/achterhoek_nl-med	0
SomaFM - Boot Liquor Radio	https://stream03.pcradio.biz/somafm_boot-med	0
