#MUSIK.BIGCITYBEATS - BY BIGCITYBEATS.DE AND RAUTEMUSIK.FM - 24H MIXED ELECTRON	http://138.201.140.126/stream/1	0
#MUSIK.TRANCE - WWW.RAUTEMUSIK.FM - 24H MIXED VOCAL TRANCE PROGRESSIVE UPLIFTIN	http://138.201.209.125/stream/1	0
.100 Hip Hop and RNB.FM	http://hemnos.cdnstream.com/1914_192	0
011.FM - 90s Country	https://listen.011fm.com/stream10	0
011.FM - Today's Country	https://listen.011fm.com/stream09	0
1 Pure Alternative Radio	https://kathy.torontocast.com:2475/stream	0
1000 Countryhits	https://1000countryhits.stream.laut.fm/1000countryhits?t302=2025-12-19_19-27-15&uuid=126a069f-4bc6-4fbc-b684-701f5c6015ca	0
108 Soul	https://s2.radio.co/sdd9757d9b/listen	0
24/7 Bossa Nova Radio	http://ec6.yesstreaming.net:1600/stream	0
24/7 Classical Radio	http://ec3.yesstreaming.net:3610/stream	0
24/7 Cool Radio	https://ec3.yesstreaming.net:3665/stream	0
24/7 Country Walks Radio	http://ec6.yesstreaming.net:1580/stream	0
24/7 International Radio	http://ec3.yesstreaming.net:3660/stream	0
24/7 Jazz Radio	https://ec3.yesstreaming.net:3455/stream	0
24/7 Nature Radio	https://ec3.yesstreaming.net:3545/stream	0
24/7 Online Radio	https://ec3.yesstreaming.net:3585/stream	0
24/7 Seawaves Radio	https://ec6.yesstreaming.net:1505/stream	0
247 Praise Radio	https://streaming.radio.co/s6da23ac69/listen	0
247 The Sound	http://los.cdnstream.com/1131_128	0
4400.ironcity	http://4400-ironcity.stream.laut.fm/4400-ironcity?t302=2020-12-01_11-57-24&ampuuid=668e6b5a-3f9b-498a-8c8b-faca47fbeddf	0
4u Radios 123 All Classic Rock 1 Classic Rock Station For 70s And 80s	http://str4uice.streamakaci.com/4uclassicrock.mp3	0
7080rocks	https://cast1.torontocast.com:1465/stream	0
70s 80s Disco Funk ModernSoul Boogie	https://discofunk.streamingmedia.it/usa	0
70s 80s Mix Radio	https://azuracast.streams.gr/listen/oldieswebradio/70s80smixradio	0
92.3 FM The Depot	https://das-edge17-live365-dal02.cdnstream.com/a35192	0
A Bowl of Soul A Mixed Stew of Soul Music	https://das-edge11-live365-dal03.cdnstream.com/a91220	0
A Country Christmas Mix	http://ithaca.cdnstream.com/1833_192	0
Abiding Radio Instrumental	http://streams.abidingradio.org:7800/2	0
Ace Cafe Radio	https://listen.radioking.com/radio/69079/stream/106852	0
Al Wisal FM	http://uk7.internet-radio.com:8067/stream/stream/1	0
Alexfm Radiostation	http://listen6.myradio24.com:9000/2411	0
All Gold 365	https://das-edge63-live365-dal03.cdnstream.com/a04739	0
Amazing Tales-Old Time Radio	http://rosetta.shoutca.st:8462/stream/stream/1	0
America's Country	http://ais-sa2.cdnstream1.com/1976_128.mp3	0
America's Greatest 70s Hits Channel	http://hydra.cdnstream.com/1823_128	0
Apostle's Faith	http://108.59.11.81:8135/stream	0
ART OF MUSIC	https://artofmusic.radioca.st/stream	0
A-Z Country	http://164.132.158.45:8010/radio.mp3/stream/1	0
B4B VINTAGE LEGEND RADIO	https://eu10.fastcast4u.com/b4bdiscofunk	0
B97 The BIG Hoss	http://das-edge11-live365-dal03.cdnstream.com/a34813	0
BadBeatRadio - Only the best Breakbeat!	http://misato.ru-hoster.com:8061/badbeatradio	0
Bama Roots Radio	http://das-edge17-live365-dal02.cdnstream.com/a29900	0
Basefmuk	https://eu10.fastcast4u.com/basefmuk877	0
Beach Paradise Radio	http://s28.myradiostream.com:28054/listen.mp3	0
Bedrock Fm Freestyle Rap Hiphop And R B	http://bedrockflint.listen2myradio.com/	0
Ben Fm Rock Alternative Blues Indie Hip Hop And More	https://benfm.stream.laut.fm/benfm?t302=2025-12-19_19-31-34&uuid=a7b2f1cc-092b-4125-83ac-a1c9b261c5eb	0
Beyond Radio	https://stream.beyondradio.co.uk/radio/8000/med	0
Bharat FM 94.9 HD3	https://s2.radio.co/s44bb88930/listen	0
BHP Radio	https://s3.radio.co/s3361415b3/listen	0
Birch Street Radio (US)	https://das-edge11-live365-dal03.cdnstream.com/a97155	0
Bitter Sweet Music	https://sonicssl.namehost.ro/8520/stream	0
Blown	http://ais-sa2.cdnstream1.com/1370_128	0
Blue in Green Radio	http://stream.radio.co/s9e1625f13/listen	0
Bluegrass Country - 88.5-WAMU2	http://ice24.securenetsystems.net/WAMU2	0
Blues Radio	http://i4.streams.ovh:8352/stream	0
BMMG Radio	http://equinox.shoutca.st:8044/stream/stream/1	0
Bob S Radio Station	http://bobsradio.listen2myradio.com/	0
Bobs Ska Radio	http://51.255.235.165:5528/stream/stream/1	0
Bondi Radio	http://streaming.radio.co/sfd68ddd77/listen	0
Boogaloo Radio	https://streams.radio.co/sb88c742f0/listen	0
Boston Rock Radio	https://das-edge14-live365-dal02.cdnstream.com/a44015	0
BREAKBEATZONE RADIO STATION	https://radio.bbz.ru/listen/bbz/192.mp3	0
Buzz FM	http://uk4.internet-radio.com:8019/stream	0
Camino FM	http://listen.radioking.com/radio/482495/stream/539048	0
capitaldisko	http://sr2.inmystream.info:8040/stream/stream/1	0
Cashmere Radio	http://cashmereradio.out.airtime.pro:8000/cashmereradio_a	0
Cathedral 13	http://149.56.157.81:5127/stream/stream/1	0
CeltCast	http://213.202.241.199:8982/http:	0
Celtica Radio	http://eu8.fastcast4u.com:5232/stream1	0
Chill Lover Radio	https://listen.radioking.com/radio/364117/stream/413824	0
Christian Life Radio Station	https://usa19.fastcast4u.com/clrs	0
Christmas FM Classical and Carols	https://christmasfm.cdnstream1.com/2549_128.mp3	0
Christmas FM Classics and Crooners	https://christmasfm.cdnstream1.com/2550_128.mp3	0
Christovibes	https://c8.radioboss.fm:18037/stream	0
CHW Streaming Radio	https://das-edge14-live365-dal02.cdnstream.com/a09514	0
Classic Station And More	http://s9.myradiostream.com:5824/index.html?sid=1	0
CLASSY NetRadio	https://streaming.classynetradio.com:8000/classyHD	0
Cleansing 2000's	http://hemnos.cdnstream.com/1463_128	0
Cleansing Country	http://hemnos.cdnstream.com/1489_128	0
Cleansing Faith	http://hemnos.cdnstream.com/1470_128	0
Coaching at Work Radio	https://ec6.yesstreaming.net:2895/stream	0
Cobys Country	https://das-edge13-live365-dal02.cdnstream.com/a13311	0
College Underground Radio	https://streamer.radio.co/sbc698b4e9/listen	0
Country Christmas	http://countrychristmas.stream.laut.fm/countrychristmas?t302=2020-11-21_10-50-29&ampuuid=a05292a4-8702-4ec5-8cf7-d1db2eeb3076	0
Country Radio	https://a5.asurahosting.com:6670/radio.mp3	0
COUNTRY ROAD MUSIC 4 EVER	http://radio.streemlion.com:1060/stream	0
Country104	https://radiostorm.com/	0
Country-Radio USA 90's to Now	https://das-edge63-live365-dal03.cdnstream.com/a96705	0
County Road Country	http://ais-sa2.cdnstream1.com/1977_64.aac	0
CRC FM	https://ascella.streamerr.co/radio/8140/radio.mp3	0
CRC Radio - XRN Australia	https://us01.xrn.com.au/listen/crc/crcsd	0
Crrc The Mix	http://crrcmix.listen2myradio.com/	0
Crucial Velocity Radio	http://ais-sa2.cdnstream1.com/1369_128	0
CultureAddict Webradio	http://listen.radioking.com/radio/345235/stream/393970	0
Dance Nation Radio	https://uksoutha.streaming.broadcast.radio/dancenationradio	0
Day And Night	http://s4.radioheart.ru:8004/dayandnight.m3u	0
Day Dee Eurodance Radio	http://daydeeeurodance.stream.laut.fm/daydeeeurodance?t302=2025-12-19_19-30-27&uuid=cfad530a-0bab-432c-b8e3-a318f340b996	0
DDR - Definitely Different radio	http://philae.shoutca.st:8121/stream/stream/1	0
DirtyBass,FM	http://dirtybass.fm:8000/dirtybass.mp3/stream/1	0
Dopetrackz Radio	https://s2.radio.co/sd1af91049/listen	0
DownUnder Radio	https://mkglobalsolutions.com/proxy/downunder?mp=/1/stream/1	0
Dragon's Den Radio	https://usa10.fastcast4u.com/dragons	0
Drum And Bass Uturn Radio	http://listen.uturnradio.com/drum_and_bass	0
Edenomy	https://streaming.brol.tech/rtfmlounge	0
Eirewave	http://eirewave.ice.infomaniak.ch/eirewave-128.mp3	0
Electro Swing Revolution Radio	http://streamer.radio.co/s2c3cc784b/listen	0
electronic music club	http://stream.laut.fm/emc.m3u	0
electroradio.fm	http://stream.electroradio.fm/192k/stream/1	0
electrovibezja radio	https://ny.mysonicserver.com/8056/stream	0
Ellinadiko FM	http://ellinadikofm.gr:8020/index.html?sid=1	0
Energy 98	http://listen.181fm.com/181-energy98_128k.mp3	0
Epic Rock Radio	https://securestreams6.autopo.st:2222/stream	0
Essential	http://essential.stream.laut.fm/essential	0
Essetif	http://mazari.listen2myradio.com/	0
Flip Flop Live Radio	https://das-edge11-live365-dal03.cdnstream.com/a61978	0
Folk Radio Uk Frukie Stream	https://klofmag.com/2013/05/stream-laura-marling-once-i-was-an-eagle/	0
Folk Tyme Radioavenue Com	http://208.131.139.148:8065/index.html?sid=1	0
Food And Travel Nation with Elizabeth Dougherty	https://das-edge16-live365-dal02.cdnstream.com/a15792	0
Food Nation Radio Network with Elizabeth Dougherty	https://das-edge15-live365-dal02.cdnstream.com/a15792	0
Freak31	https://stream.31media.net/freak31	0
Freedom Rock Radio	http://173.208.177.90:9322/index.html?sid=1	0
From	Subject	Received	Size	 streamerr.	IMPORTANT! Your free trial finishes tomor	https://mars.streamerr.co/8940/stream	0
FUNK and CO Radio	https://cast1.torontocast.com:1440/stream	0
FUNK2DISCO	http://funk2disco.stream.laut.fm/funk2disco?t302=2020-06-26_19-01-04&ampuuid=fee69172-3c40-4b37-a399-258d38bc9475	0
Funky Corner Radio	https://ais-sa2.cdnstream1.com/2447_192.mp3	0
Funky Corner Radio (Australia)	http://ais-sa2.cdnstream1.com/2447_192.mp3	0
Galaxy Hits	http://galaxyhits.listen2myradio.com/	0
GANORIUM Radio	http://ganorium-radio.stream.laut.fm/ganorium-radio	0
Gepflegtes Klopfen Radio	http://protostar.shoutca.st:8039/stream	0
GLACER FM	http://streaming.radio.co/scddbbeecf/listen	0
Global Chillout by WorldFusionRadio.com	http://51.255.235.165:5160/stream	0
GLOBAL GLOW RADIO	https://s3.citrus3.com:8010/stream	0
Golden Years radio	http://listen.goldenyearsradio.net/	0
Gospel Grind Radio	http://ggronlineradio.out.airtime.pro:8000/ggronlineradio_a	0
GotRadio - Bluegrass	http://pureplay.cdnstream1.com/6000_128.mp3	0
Grateful Dead Radio - Streaming Grateful Dead Music	http://108.163.245.230:8100/stream	0
Ground Up Radio	http://das-edge15-live365-dal02.cdnstream.com/a94699	0
Gupshup Internet Radio	https://internetradio.gupshupradio.com:8080/?type=mp3	0
GUSS.FM-Classic Hit Combo	http://s1.reliastream.com:9600/stream/stream/1	0
Halloween radio Atmosphere	http://radio1.streamserver.link:8040/hra-aac	0
Halloween radio Kids	http://radio1.streamserver.link:8030/hrk-aac	0
Hard Rock Heaven	http://hydra.cdnstream.com/1521_128	0
Hard Rock Hell Radio	http://andromeda.shoutca.st:9254/stream#.mp3/stream/1	0
Hard Rock Nation	http://s3.radio.co/s1f74e2763/listen	0
Hattie And The Hurricanes	https://www.reverbnation.com/hattieandthehurricanes	0
Heartsong Live Radio	https://streamer.radio.co/sa0f1967d5/listen	0
Helix Rock Radio	https://das-edge11-live365-dal03.cdnstream.com/a18155	0
Highway 65 Radio	http://hydra.cdnstream.com/1924_64	0
Highwire Daze Radio	https://das-edge17-live365-dal02.cdnstream.com/a00224	0
His Royal Diadems Radio	https://s3.radio.co/seb34a4784/listen	0
HitCountryUSA	https://ais-sa5.cdnstream1.com/1626_192.mp3	0
HitsRadio.US	http://192.111.140.6:9609/stream/stream/1	0
Hitz106.ca	http://ais-sa2.wdc01.cdnstream.com/2102_128.mp3	0
Holy Culture Radio	https://stream.radio.co/s09849366f/listen	0
Holy Ghost and Fire Bros Radio	https://das-edge12-live365-dal02.cdnstream.com/a01854	0
Hopeful Radio	https://cheetah.streemlion.com:3820/stream	0
Hospital Radio Perth	http://streaming.broadcastradio.com:9220/perth	0
Hot 21 Radio	https://strw3.openstream.co/693?aw_0_1st.collectionid%3D4083%26stationId%3D4083%26publisherId%3D717%26k%3D1766172632	0
Hot 97 Media	http://163.172.198.16:8577/http:	0
hot92.5 the heat	https://listen.radioking.com/radio/283255/stream/337267	0
HotNGold Radio	https://ic2649.c1287.fastserv.com/stream96	0
House Beatz and Waves	http://housebeatzandwaves.stream.laut.fm/house_beatz_and_waves?t302=2022-11-11_13-36-14&ampuuid=f87d3546-db51-404b-870b-4b23fb6656ba	0
House Nation One House And Techno Radio	http://housenation1.listen2myradio.com/	0
Howlin' Country - Yesterdays Legends &amp Todays Hits	https://cheetah.streemlion.com:2150/stream	0
Howling Rock Radio	http://65.21.202.84:8018/stream	0
HTH Radio Network	http://67.212.238.178:7074/index.html?sid=1	0
Hype Fm Top 40 Dance And Rock	http://hypefm.listen2myradio.com/	0
I95 Hitradio	https://das-edge15-live365-dal02.cdnstream.com/a19723	0
IBGR - International Business Growth Radio	https://s3.radio.co/s88a4e6dbe/listen	0
iconic extra	http://proxima.shoutca.st:8901/stream	0
iKON Radio	https://streaming.radio.co/s82b4dca1a/listen	0
IMBR - International Missionary Baptist Radio	https://s2.radio.co/sdb9086b76/listen	0
indie617	https://s5.radio.co/s36d03408d/listen	0
IndieRadioFM.net COUNTRY RADIO FM	https://strw3.openstream.co/1101?aw_0_1st.collectionid%3D3932%26stationId%3D3932%26publisherId%3D1125%26k%3D1766172478	0
Inhailer Radio	http://streaming.radio.co/seac6e5991/listen	0
Inspired Choices Network	http://icn.out.airtime.pro:8000/icn_a?_ga=2.41680357.693320752.1520713049-53112173.1515604206	0
Intamixx 80s 90s Radio UK	https://intamixx.no-ip.com:8002/stream/2/	0
Intamixx Radio UK	http://intamixx.no-ip.com:8000/stream/1/	0
InTheMixRadio	https://inthemixradio.stream.laut.fm/inthemixradio?t302=2021-09-03_15-31-29&ampuuid=24de8cc3-7a77-40ba-be9c-a70018fc7044	0
IRN Alternative	https://live.indieradionetwork.net/irnalternative1	0
IRN Heartland	https://live.indieradionetwork.net/irnheartland1	0
IRN Indie	https://live.indieradionetwork.net/irnindie1	0
IRN Inspirational	https://live.indieradionetwork.net/irninspirational1	0
IRN Jams	https://live.indieradionetwork.net/irnjams1	0
IRN Party	https://live.indieradionetwork.net/irnparty1	0
IRN Rocks	https://live.indieradionetwork.net/irnrocks1	0
Italo Scene	https://italoscene.stream.laut.fm/italoscene?t302=2025-12-19_19-30-45&uuid=68f5a241-a5dd-4f38-b84b-5cf6918d7578	0
Ivri 6	https://streaming.radio.co/sa06221901/listen	0
Jazz Club Bandstand	https://cast1.torontocast.com:2060/.mp3	0
JAZZ ONE RADIO	https://c30.radioboss.fm/stream/119	0
Jazz Radio International	https://ec3.yesstreaming.net:1815/stream	0
Jazz Radio Ireland	http://carina.streamerr.co:8116/stream	0
Jazz Radio Spain	https://stream.tunerplay.com/radio/8020/jazzradiospain.mp3	0
Jazz Radio Spain HQ	https://stream.tunerplay.com/radio/8020/jazz radio spain hq	0
Jazz Tune Dimos Radio	https://c30.radioboss.fm:18119/stream	0
Jesus and Music	https://das-edge63-live365-dal03.cdnstream.com/a70572	0
JT Radio	https://das-edge63-live365-dal03.cdnstream.com/a47781	0
Jusmuzic	http://audio.sjamz.com:9128/index.html?sid=1	0
Kanal 103	http://radiostream.neotel.mk/kanal103	0
KBRG-DB The Bridge	https://das-edge16-live365-dal02.cdnstream.com/a28997	0
KDKT SPORTSRADIO	http://ice6.securenetsystems.net/KDKT	0
KentuckianaCountry.com	http://listen.kentuckianacountry.com/radio/8010/radio.mp3?1574127767	0
Kewl.fm	https://das-edge62-live365-dal03.cdnstream.com/a67670	0
Kfab Fabreality Radio R B Pop Hip Hop Indie And More	https://tunein.com/radio/FABreality-Radio-s171992/	0
KICKS 102 - Continuous Hot Hits of the 80s and 90s!	http://das-edge13-live365-dal02.cdnstream.com/a08635	0
King S Country	https://www.kingscountry.net/	0
Kiosk Radio	http://kioskradiobxl.out.airtime.pro:8000/kioskradiobxl_b	0
KMHP Digital Radio The Music Lifeline	https://das-edge63-live365-dal03.cdnstream.com/a36522	0
KMXC | Mix Country 106	https://das-edge16-live365-dal02.cdnstream.com/a61072	0
KNR - KingdomNubia Radio	https://usa10.fastcast4u.com/knr0	0
Konpa Mix Radio!	https://das-edge62-live365-dal03.cdnstream.com/a15951	0
Kuaz News And Jazz From Tucson Az 128k	http://streaming.azpm.org/kuaz128.mp3	0
Kuaz News And Jazz From Tucson Az 192k	http://streaming.azpm.org/kuaz192.mp3	0
KVNF Community Radio	https://peridot.streamguys1.com:7145/live	0
Kz 93 Ktza 92 9 Fm Artesia Roswell Carlsbad New Mexico	https://streamdb3web.securenetsystems.net/v5/KTZA	0
La Classica	http://stream.laclassica.be:8023/stream	0
LagosJumpUK	https://radio.lagosjumpradio.com/listen/lagosjumpradio/radio.mp3	0
LaRadioDeLosLentos.com	http://01.solumedia.com.ar:7828/stream	0
Laut.fm Best_of_80s	http://bestof80s.stream.laut.fm/best_of_80s?t302=2022-08-26_05-17-36&ampuuid=65be85c1-efe7-45b0-8cba-61c9669789ad	0
Le Grigri	https://listen.radioking.com/radio/139090/stream/179170	0
LEO'S CASINO RADIO	https://das-edge63-live365-dal03.cdnstream.com/a45657	0
lifefm.tv	https://streamer.radio.co/s1ed160262/listen	0
Like That Underground	http://hyades.shoutca.st:8091/stream	0
Lincoln Dimarco And Friends	http://www.klay1180.com/live_radio.htm	0
Listen 2 Us Radio	https://usa10.fastcast4u.com:7000/?type=http&ampnocache=1694561951	0
LiteFavorites.com	http://naxos.cdnstream.com/1255_128	0
LocoRadioLive	https://cast.iplayradio.net/radio/8018/stream	0
Lost And Found	http://www.lostandfound.listen2myradio.com/	0
LOVE RADIO Only Love Songs 70s80s80s	https://loveradio.streamingmedia.it/play	0
Love Soul Radio London	http://198.100.145.185:8772/http:	0
LOVETIMES | Romantic Music Hits	https://c15.radioboss.fm:18152/stream	0
Low Country Radio	http://c17.radioboss.fm:8096/stream	0
LRMA Rock Radio	https://c22.radioboss.fm:18318/stream	0
LuvBay Afrobeat Music/Talk Radio	http://149.56.234.138:8177/stream/stream/1	0
Mad Wasp Radio	https://streaming.radio.co/s8a8d7b49a/listen	0
Made Sounds Media	http://149.56.157.81:8842/stream/stream/1	0
Mambo Radio	http://streamer.radio.co/sd7b28e5f3/listen	0
Maui Radio Dot Net	https://listen.radioking.com/radio/154684/stream/195307	0
Maxi Music Radio	https://maximusicradio.stream.laut.fm/maximusicradio?t302=2025-12-19_19-30-45&uuid=dd1560e0-59d9-4f2b-88d3-1fcb24a64005	0
Mayaro Radio	https://usa19.fastcast4u.com/mayaro630	0
Metal Rock Radio	https://kathy.torontocast.com:2800/?type=http&ampnocache=1657751509	0
MetalBlast FM	http://metalblastfm.stream.laut.fm/metalblastfm?t302=2017-10-20_08-53-20&ampuuid=6fad0b8e-a563-43c4-b226-7529b369c300	0
Mid West Radio	https://txradica.net/pagenotfound.htm	0
Milestone Radio	http://cupcake.citrus3.com:8380/stream	0
Military Broadcast radio	http://149.56.185.59:8022/http:/stream/1	0
Mix 106	https://mix106.stream.laut.fm/mix106	0
mmRadio	http://shoutcast.mattmski.net:8000/stream/	0
Moogitz	https://stream.radio.co/sb8d0595e0/listen	0
MooyZo	https://play.mooyzo.be/mooyzo.mp3	0
Morena FM /Rio	https://centova5.transmissaodigital.com:20005/index.html?sid=1	0
Mouse Brand Radio Classic Hard And Modern Rock	http://myradiostream.com/4/58652	0
Music 101	http://myradiostream.com/1/17640	0
Music City Roadhouse	https://das-edge12-live365-dal02.cdnstream.com/a73754	0
MUSIC FORCE ENTERTAINMENT RADIO (WMFE-DB)	http://wmfe.out.airtime.pro:8000/wmfe_b	0
Music Lake Radio	http://nap.casthost.net:8626/stream	0
Music of all Times	https://caster04.streampakket.com/proxy/8924/stream	0
Muzupa Christian Radio	https://s2.radio.co/s4aec696d6/listen	0
MXTR FM	https://das-edge11-live365-dal03.cdnstream.com/a03037	0
My House Radio	https://myhouseradiofm.out.airtime.pro/myhouseradiofm_a	0
Naviar Radio	http://studio25.radiolize.com/radio/8020/radio.mp3?1625156675	0
New Age Notes	https://das-edge11-live365-dal03.cdnstream.com/a55861	0
NewCountryUSA	https://ais-sa5.cdnstream1.com/1625_192.mp3	0
Nexxlegacy (Legacy Platform Service)	https://s4.radio.co/s27b6dbceb/listen	0
Noise FM	http://play.sas-media.ru/play_256	0
Notfarltd	http://station.voscast.com/4fc3702be19a5/	0
NuDiscoGrooves	https://server-28.stream-server.nl:8902/	0
Ocean Radio	https://s5.radio.co/s9e758ff20/listen	0
OLDIES MUSIC 4 EVER	https://radio.streemlion.com:2570/stream	0
OneLuvFM	http://streamer.radio.co/s34d8d1549/listen	0
oneradiolink	https://stream.radio.co/s865966bbf/listen	0
Orion X	http://streamingp.shoutcast.com/JamendoLounge?lang=*	0
Our Neighborhood Radio	http://das-edge15-live365-dal02.cdnstream.com/a03265	0
Oz Arab Radio	https://s2.radio.co/s3ec20c9a3/listen	0
OzRadioGOLD	https://s3.radio.co/sa12cb0e79/listen	0
Patriots.com Radio: 24/7 New England Patriots Talk	https://a5.asurahosting.com/listen/patriots/radio.mp3	0
Philly Funk Radio	http://67.212.238.178:7112/stream.mp3	0
Pipeline 2 Paradise Hawaiian Radio	https://das-edge11-live365-dal03.cdnstream.com/a76908	0
Pirate Radio 13	http://das-edge16-live365-dal02.cdnstream.com/a90958	0
Planet County	http://www.radionomy.com/index.html	0
Play 90s	http://live.playradio.org:9090/90HD	0
Plumtree Radio	https://das-edge17-live365-dal02.cdnstream.com/a74343	0
Powerhitz Com The Officemix The Best Soft Rock And Pop	http://jbmedia-edge1.cdnstream.com/officemix	0
Powerhitz Com Total Country	http://jbmedia-edge1.cdnstream.com/country	0
Prog Palace Radio	http://cheetah.streemlion.com:4770/stream	0
Pure Pop Radio	http://cheetah.streemlion.com:3900/stream	0
QWE.FM	https://qwefm.out.airtime.pro/qwefm_a	0
R&ampB Hall of Fame Radio	https://das-edge16-live365-dal02.cdnstream.com/a71005	0
RADIIO PRO-HIT	http://asculta.radioprohit.ro:8000/listen.pls	0
Radio 17bis	https://listen.radioking.com/radio/444/stream/1754	0
Radio 4YOU	https://listen7.myradio24.com/2455	0
Radio 50F	https://listen4.myradio24.com/paradise	0
Radio 854 Gold	https://maggie.torontocast.com:8020/stream	0
Radio Barbouillots	https://stream.rcvfm.fr:8000/barbouillots-192k.mp3	0
Radio Bourbon	https://streamer.radio.co/s42c1a8296/listen	0
Radio Broadstairs	http://s19.myradiostream.com:3684/listen.mp3	0
Radio Bulbul	http://radiobulbul.stream.laut.fm/radiobulbul?t302=2025-12-19_19-29-04&uuid=587ab118-d5f3-4e02-ab2f-06e0a9b0b0c5	0
Radio Capitol	https://s3.radio.co/sa3fcc78f2/listen	0
Radio Click Romania	http://live.radioclick.ro:8008/index.html?sid=1	0
Radio Deep	https://s2.radio.co/s098f4886e/listen	0
RADIO DIMENSIONE MIX - NETWORK	https://cast1.torontocast.com:1830/stream	0
Radio Energy	https://gmusto.radioca.st/index.html	0
Radio Flora TM	https://usa10.fastcast4u.com:9520/?type=http&ampnocache=1705149913	0
Radio Free Radford	https://www.streamcontrol.net:8444/s/11080	0
Radio Glamorize	http://live.radioglamorize.com/stream1	0
Radio Horton	https://radiohorton.radioca.st/index.html?sid=1	0
Radio Kansas	http://audio-edge-w4d68.yul.o.radiomast.io/5567306a-66f6-4d8f-a399-520e2936e3a0	0
Radio Larvik	https://eu10.fastcast4u.com:15220/?type=http&ampnocache=1696568828	0
Radio Lounge	https://ais-sa2.cdnstream1.com/2209_128.mp3	0
Radio MRS	http://play.radiomrs.com:7494/http://?sid=1/stream/1	0
Radio Naim Halawi	http://streamer.radio.co/sf2fa6ce9d/listen	0
Radio Nano	http://s2.yesstreaming.net:7157/stream/stream/1	0
Radio North 846 Oldies Country Gospel	http://www.radionorth.net/radionorthlive.wvx	0
Radio Padova Country	http://sphera.fluidstream.eu/rpd_country.mp3	0
Radio PCM	http://radiopcm.stream.laut.fm/radiopcm?t302=2018-12-08_11-03-13&ampuuid=7fb456f3-5794-422c-876b-8e1c18dae294	0
Radio Preston Air	http://listen.radioking.com/radio/370729/stream/420760	0
Radio Rosacruz Internacional	http://kb5avy.hopto.org:8000/index.html?sid=1	0
Radio Sangam	https://streaming.radio.co/s58948a3f0/listen	0
RADIO STREAM 37	http://s28.myradiostream.com:23774/listen.mp3/stream/1	0
Radio Tigullio Web	http://radio-tigullio-web.stream.laut.fm/radio-tigullio-web?t302=2025-12-19_19-30-25&uuid=43bad16b-b67f-4f3c-b1c3-048e82cba264	0
Radio Vesa Valtonen	http://radio45.virtualtronics.com:8210/stream/stream/1	0
Radio Wimborne	http://radio.canstream.co.uk:8057/live.mp3	0
Radio.Fish	https://listen1.myradio24.com/8317	0
radioBollyFM	http://stream.radiobollyfm.in:8201/hd/stream/1	0
Radiopalmwine Com Afro Hip Hop Rap R N B And Reggae Channel	http://www.radiopalmwine.com/afrohiphop/stream/1listen.pls	0
radiorosbrera	https://ec6.yesstreaming.net:1345/stream	0
RANCH COUNTRY	http://192.111.140.11:8616/stream	0
Reach:LDN Radio	https://usa19.fastcast4u.com/reachldnradio	0
Reachout Radio	https://eu10.fastcast4u.com:8460/?type=http&ampnocache=1700739426	0
Rebel Country Radio	http://rebelcountryradio.listen2myradio.com/	0
Retro 80's &amp 90's™ Flashback Music Radio - The Pulse	https://das-edge63-live365-dal03.cdnstream.com/a16621	0
Retro Bollywood	http://titan.shoutca.st:9114/stream/stream/1	0
Revolution Radio Kc Indie And Alternative Radio	https://streamdb0web.securenetsystems.net/v5/DEMOSTN	0
RHYTHM RADIO	http://cupcake.citrus3.com:8006/stream	0
River Valley Radio	https://s4.radio.co/s21e58bbd7/listen	0
Rkp Christian Country And Southern Gospel Radio	https://listen.streamon.fm/rkpradio	0
Rock Connection 77	http://s43.myradiostream.com:22226/index.html?sid=1	0
Rock Global Alternative And Pop Rock Radio	http://1221.listen2myradio.com/	0
Rock History Book Classic Rock And More	http://streamdb2web.securenetsystems.net/v4/index.cfm?stationCallSign=ROCK1&amprelocateURL=true	0
Rockabilly-Beats	https://sonicpanel.vmakerhost.com/8194/stream	0
Rockers Movement	http://equinox.shoutca.st:8017/stream	0
Rockin50s Radio	https://eu10.fastcast4u.com/rockin50s	0
ROUGH Radio	https://roughradio1.out.airtime.pro/roughradio1_a	0
Roundandsound radio	http://stream.roundandsound.nl/http://?sid=1/stream/1	0
RThunder Radio	https://usa19.fastcast4u.com:3460/?type=http&ampnocache=1706963348	0
Rudeboy Radio 808	http://s47.myradiostream.com:14460/index.html?sid=1	0
Runaway Radio - Rock 101 KLOL	https://streamer.radio.co/sb91c21177/listen	0
Sabbath Radio	https://listen.radioking.com/radio/460760/stream/516014	0
Safety FM	https://streamer.radio.co/s29a3c18c7/listen	0
Scooterist Radio	https://scooterist-radio.radiocult.fm/stream	0
Scotland's Castle	http://s7.myradiostream.com:10126/listen.mp3/stream/1	0
Sean98 9 Funky And Disco Radio	https://www.pandora.com/restricted	0
SLradio Texas	https://www.internet-radio.com/	0
SMOOTH JAZZ 24/7	http://ais-edge89-dal02.cdnstream.com/b75154_128mp3	0
Social Distance Radio	http://mystation.micast.media/radio/8020/radio.mp3	0
Soul Legends Radio	https://streamer.radio.co/s60f3e59d1/listen	0
Southern Cross Country	https://sxcountry.radioca.st/index.html?sid=1	0
Sports Country Radio	http://das-edge62-live365-dal03.cdnstream.com/a02612	0
Squirrel FM	http://s25.myradiostream.com:10092/listen.mp3/stream/1	0
Stanvdhshow	http://myradiostream.com/9/10182	0
Star FM 101.9	https://starchild.radioca.st/index.html?sid=1	0
Starlight4u Music And Song	http://starlight.listen2myradio.com/	0
StateSide FM	http://uk7.internet-radio.com:8352/stream	0
StaticX Radio Reloaded	http://162.244.80.106:10859/index.html?sid=1	0
Studio Dance	http://studiodance.stream.laut.fm/studiodance?t302=2018-07-06_00-14-34&ampuuid=ffb88085-1e01-4e04-914c-83635ff6cf0c	0
Stumble In The Dark Radio	https://a2.asurahosting.com:6920/radio.mp3	0
Subliminal Radio	https://transmitter.clubcasting.net:8000/onacid	0
Suspense Radio USA	http://ais-sa3.cdnstream1.com/2608_128.mp3	0
Switch FM	https://stream.switchfm.co.uk/listen/switchfm/switchfm.mp3	0
Talk of The Town New Orleans	http://centova11.instainternet.com:8096/stream/stream/1	0
Tamil Panpalai ANZ	http://opportunity.shoutca.st:8140/stream	0
Teatime Fm 24h Happy Hardcore Drum And Bass Uk Dance And More	http://listener2.mp3.tb-group.fm/tb.mp3	0
Teddy's Media Radio	https://das-edge62-live365-dal03.cdnstream.com/a83687	0
TeleRadio1	http://teleradio1.stream.laut.fm/teleradio1?t302=2021-05-03_12-28-25&ampuuid=4488feaf-7fa5-47b6-ab79-bc81f16ac5a3	0
The  Soul Lounge	https://das-edge12-live365-dal02.cdnstream.com/a38845	0
The Alway's Christmas Channel	http://kea.cdnstream.com/1837_128	0
THE BEST KEPT SECRET RADIO	http://usa19.fastcast4u.com:1530/index.html?sid=1	0
THE BEST MUSIC MIX - HD76 - Hot Springs, Arkansas	https://das-edge17-live365-dal02.cdnstream.com/a86908?aw_0_1st.playerid=esPlayer&ampaw_0_1st.skey=1586998993	0
The Choice - 80's Hair &amp 80's Hits	http://das-edge62-live365-dal03.cdnstream.com/a36545	0
The Country Blend	https://das-edge11-live365-dal03.cdnstream.com/a55609	0
The CRUSADE Channel	http://streaming.radio.co/s4e4074c3a/listen	0
The Frontline Radio	https://streaming.radio.co/sdcff19b77/listen	0
The Greek Newspaper and the Greek Radio of Florida	https://s3.radio.co/s816ae2d67/listen	0
The Groove	http://uk7.internet-radio.com:8352/index.html?sid=1	0
The Music Galaxy Radio - MGR, LTD.	http://eu10.fastcast4u.com:1390/?type=http&ampnocache=1625847555	0
The Source:Smooth Jazz Radio - KJAC.DB	http://149.56.183.178:8020/stream	0
TheDanceRadio.Net	https://s4.radio.co/s3dccdde7b/listen	0
TheEL.US	https://das-edge13-live365-dal02.cdnstream.com/a71722	0
thirtytwofm	http://edge.mixlr.com/channel/zbfuy	0
Today's Hot Country	http://naxos.cdnstream.com/1398_128	0
Todays Pop Country Mix	https://das-edge16-live365-dal02.cdnstream.com/a39506	0
Too Much Too Soon Radio	http://das-edge15-live365-dal02.cdnstream.com/a15209	0
Trance Athena	http://cast.streams.ovh:8008/stream/stream/1	0
Troubadour Country Radio	http://listen.troubadourcountryradio.com:8000/tcr	0
True Gospel Radio	https://s31.myradiostream.com/:65356/listen.mp3	0
Truth Be Told Radio Network	http://usa10.fastcast4u.com:9210/?type=http&ampnocache=1701360152	0
TVM RADIO 1	http://net1.citrus3.com:8264/stream.mp3	0
Ujima Radio 98fm	http://radio.canstream.co.uk:8037/live.mp3	0
UK PRESSURE RADIO	https://sonic.mediacp.eu/8044/stream	0
Unchained-radio	http://stream11.shoutcastsolutions.com:8012/index.html	0
Unsung 80's Radio	http://unsung80s.out.airtime.pro:8000/unsung80s_a?_ga=2.268344966.909605021.1515170054-2043058025.1514757130&amp_gac=1.95458670.1514757130.Cj0KCQiAsqLSBRCmARIsAL4Pa9QSUMCRf22lsRWwo9Nlu2k1GOYhnSTMrVbrFnSrXGqtUpFoto3jgoMaAshuEALw_wcB	0
Urban Essex	http://nebula.shoutca.st:8295/streamlivestream.mp3/stream/1	0
VIBES-LIVE JAZZ AND BLUES	https://sonicpanel.vmakerhost.com/8062/stream	0
Virgin Radio Oman	http://uk5.internet-radio.com:8115/stream/stream/1	0
Voice of the Mountains Country Radio	https://radio247.radioca.st/index.html?sid=1	0
WabiSabi radio	https://s4.radio.co/sd1a7a0223/listen	0
WBIC - Top Hits Radio	https://das-edge16-live365-dal02.cdnstream.com/a88743	0
Wclh Gospel radio	https://streaming.radio.co/sc96ed768e/listen	0
Wdcb 909 Chicago Jazz Blues And News	http://wdcb-ice.streamguys.org/wdcb128	0
Web Radio Freestyle And Remixes	https://ssl.srvstm.com:9934/stream	0
WeR1Radio.com	https://usa19.fastcast4u.com/wer1radio	0
West Kentucky Radio	https://das-edge13-live365-dal02.cdnstream.com/a45690	0
White Stones Streaming Network	http://usa19.fastcast4u.com:1380/?type=http&ampnocache=1701356800	0
WHN 1050 Gold Airchecks	https://sonic-ca.instainternet.com:8024/index.html	0
Wisconsin Public Radio Listen Live Ideas Channel	https://wpr-ice.streamguys1.com/wpr-ideas-mp3-64	0
WJST Jet Set	https://das-edge16-live365-dal02.cdnstream.com/a25017	0
WLHA	https://das-edge11-live365-dal03.cdnstream.com/a04907	0
WODY Odyssey Radio	https://das-edge63-live365-dal03.cdnstream.com/a95616	0
WSUP	https://das-edge62-live365-dal03.cdnstream.com/a10826	0
WVGT Smooth 97.1 FM	https://jlespera.radioca.st/index.html?sid=1	0
WYKR	https://streamer.radio.co/s1ebf8172e/listen	0
WZIG	https://s36.myradiostream.com:21972/listen.mp3?nocache=1766172490	0
Xradio	http://cast.radiohost.ovh:8850/stream/stream/1	0
Xtra Musica	https://s36.myradiostream.com/:18372/listen.mp3?nocache=1625576771	0
YAHWEH CHRISTIAN RADIO	https://s3.radio.co/s22189b87c/low	0
Yesterday Once Again	https://das-edge63-live365-dal03.cdnstream.com/a29131	0
Yimago Country	https://strw3.openstream.co/867?aw_0_1st.collectionid%3D3661%26stationId%3D3661%26publisherId%3D891%26k%3D1766172416	0
Yimago Earth (Relaxation Music Radio)	https://strw3.openstream.co/870?aw_0_1st.collectionid%3D3664%26stationId%3D3664%26publisherId%3D894%26k%3D1766172563	0
Yimago Jazz	https://strw3.openstream.co/872?aw_0_1st.collectionid%3D3666%26stationId%3D3666%26publisherId%3D896%26k%3D1766172664	0
Yimago Nostalgie (Radio Yé-Yé!)	https://strw3.openstream.co/879?aw_0_1st.collectionid%3D3673%26stationId%3D3673%26publisherId%3D903%26k%3D1766172665	0
Your City Radio	https://c34.radioboss.fm:8234/stream	0
Zamanalwasl Radio	https://zamanalwaslradio.out.airtime.pro/zamanalwaslradio_b	0
ZFM	http://nebula.shoutca.st:8545/stream/stream/1	0
