bluesflac - 1500 - The United States Of America - jazz	http://audio-edge-w4d68.yul.o.radiomast.io/radioblues-flac	0
Free Music Radio (FLAC)	https://free.rcast.net/214631	0
FREQUENCE 3 - Une Rafale de Tubes sans pub et en FLAC !	https://free.rcast.net/242730	0
Intense Radio - We love Dance #HQ# FLAC	https://free.rcast.net/256350	0
POWERHITZ.COM - Bumpin' Classic Soul	https://free.rcast.net/257020	0
PureClassix #Flac	https://free.rcast.net/205084	0
Radio Bluesflac	http://audio-edge-vqwx4.yyz.g.radiomast.io/radioblues-flac	0
Radio Bluesflac - 1500 - Spain -	https://audio-edge-jfbmv.sin.d.radiomast.io/radioblues-flac?t=nightvision%3Fs%3D88baf5be-4b2d-416a-afc6-b0d9be7c9f1e&cachebuster=5213503296919065	0
Radio Club80 Euro Hits	https://stream.radioclub80.cl:8032/stream.euro80mp3	0
Radio Paradise (flac) - playlist: radioparadise.com	https://free.rcast.net/238420	0
Radio Paradise (Mellow Mix)	http://stream.radioparadise.com/mellow-flacm	0
Radio Paradise (World/etc Mix)	http://stream.radioparadise.com/world-etc-flacm	0
Radio Paradise Mellow Mix (flac) - playlist: radioparadise.com	https://free.rcast.net/235555	0
Radio Paradise Mellow Mix Flac	http://stream.radioparadise.com/mellow-flac	0
Radio Paradise Rock Mix (flac) - playlist: radioparadise.com	https://free.rcast.net/236330	0
Radio Paradise World-Etc Mix (flac) - playlist: radioparadise.com	https://free.rcast.net/241717	0
RadioSputnik.nl FLAC	https://free.rcast.net/205108	0
SUN Classique	https://free.rcast.net/205126	0
TrancePulse HQ FLAC	https://free.rcast.net/255255	0
