011.FM - The Bone (Hard Rock)	https://listen.011fm.com/stream12	0
011.FM - The Vault Classic Rock	https://listen.011fm.com/stream08	0
1 Pure Alternative Radio	https://kathy.torontocast.com:2475/stream	0
101 SMOOTH JAZZ	http://101smoothjazz.cdnstream1.com/b22139_128mp3	0
107.7 The RockIt	https://das-edge14-live365-dal02.cdnstream.com/a86728	0
126 The Genesis	https://s5.radio.co/s1089dc418/listen	0
24/7 Classical Radio	http://ec3.yesstreaming.net:3610/stream	0
242 RADIO	http://uk7.internet-radio.com:8168/	0
4400.ironcity	http://4400-ironcity.stream.laut.fm/4400-ironcity?t302=2020-12-01_11-57-24&ampuuid=668e6b5a-3f9b-498a-8c8b-faca47fbeddf	0
70s 80s Mix Radio	https://azuracast.streams.gr/listen/oldieswebradio/70s80smixradio	0
88.6 Classic Rock	https://edge16.streamonkey.net/radio886-classicrock/stream/mp3	0
88.6 Hard Rock	https://edge16.streamonkey.net/radio886-hardrock/stream/mp3	0
88.6 New Rock	https://edge64.streamonkey.net/radio886-newrock/stream/mp3	0
89.9 Classic Hits Rock Radio	https://das-edge16-live365-dal02.cdnstream.com/a60121	0
92.3 FM The Depot	https://das-edge63-live365-dal03.cdnstream.com/a35192	0
97.3 The ARC - Extreme Radio... Rocked &amp Loaded!	http://das-edge62-live365-dal03.cdnstream.com/a65345	0
Abiding Radio Instrumental	http://streams.abidingradio.org:7800/2	0
Ace Cafe Radio	https://listen.radioking.com/radio/69079/stream/106852	0
Addict Rock My Choice My Music Www Addictradio Net	http://stream8.addictradio.net/addictrock	0
Alexfm Radiostation	http://listen6.myradio24.com:9000/2411	0
Alive 101 Fm Funk Rap Rock And Classic	https://www.last.fm/	0
All Time Best	http://all-time-best.stream.laut.fm/all-time-best?pl=m3u&ampt302=2017-10-30_16-08-54&ampuuid=6e8d74c2-809b-47bd-8fb7-fc9ff7cd74d1	0
Alternative Radio	https://listen.radioking.com/radio/182263/stream/224140	0
America's Greatest 70s Hits Channel	http://hydra.cdnstream.com/1823_128	0
Antenne Bayern Classic Rock Live	http://s4-webradio.antenne.de/classic-rock-live	0
Arketekxr	https://listen.adtonos.com/arketekxr-2	0
Array 107	https://das-edge63-live365-dal03.cdnstream.com/a32108	0
Bama Roots Radio	http://das-edge17-live365-dal02.cdnstream.com/a29900	0
B-Don's Radio	https://www.internet-radio.com/	0
Ben Fm Rock Alternative Blues Indie Hip Hop And More	https://benfm.stream.laut.fm/benfm?t302=2025-12-19_02-42-20&uuid=770a112c-69bc-4306-9605-edabf7737d29	0
Big Barn Radio	https://s2.radio.co/s04214ea9a/listen	0
Big R Radio - Worship	https://bigrradio.cdnstream1.com/5179_128	0
Birch Street Radio (US)	https://das-edge11-live365-dal03.cdnstream.com/a97155	0
Blown	http://ais-sa2.cdnstream1.com/1370_128	0
blues radio	https://i4.streams.ovh:8352/stream	0
BOLLOCKS Rock &amp Metal Radio	http://s44.myradiostream.com:6588/index.html	0
Bone Pool Radio	https://streamer.radio.co/s49a58b236/listen	0
Boom Rock	https://listen-boomradio.sharp-stream.com/65_boom_rock_128_mp3?platform=3pp_agg_04	0
Boston Rock Radio	https://das-edge14-live365-dal02.cdnstream.com/a44015	0
Catorweb Radio	https://securestreams.autopo.st:1041/stream	0
Cena Neural FM	https://servidor22-3.brlogic.com:7380/live	0
CGCM Radio	https://das-edge62-live365-dal03.cdnstream.com/a81635?aw_0_1st.playerid=esPlayer&ampaw_0_1st.skey=1586998993	0
Ciudad Rock	https://www.freegames.com/?ripway	0
CLASSIC HITS anni 70 80 90	https://classichitsradio.streamingmedia.it/play	0
Classic Long Island Radio	https://das-edge63-live365-dal03.cdnstream.com/a02256	0
Classic Rock Uturn Radio	http://listen.uturnradio.com/classic_rock_64	0
Country Radio	https://a5.asurahosting.com:6670/radio.mp3	0
Country Road Radio	http://hyades.shoutca.st:8960/http:/stream/1	0
CRC Radio - XRN Australia	https://us01.xrn.com.au/listen/crc/crcsd	0
Crooner Radio Elvis Presley	https://croonerradio_elvispresley.ice.infomaniak.ch/croonerradio-elvispresley-midfi.mp3	0
Crucial Velocity Radio	http://ais-sa2.cdnstream1.com/1369_128	0
D2 Relax	https://cast1.torontocast.com:1515/stream	0
darkzeroradio	http://darkzeroradio.stream.laut.fm/darkzeroradio?t302=2018-04-03_09-50-55&ampuuid=8d531298-1644-4c14-9f84-659579fb515f	0
Deal Radio	http://s2.radio.co/sa44aa697f/listen	0
Discord Rock	http://www.radionomy.com/index.html	0
Dragon's Den Radio	https://usa10.fastcast4u.com/dragons	0
Earth Rock Radio	https://cp.phpmystream.com/radioSSLnew/s/24	0
El Gauna FM	http://82.201.132.237:8000/;stream.mp3/;	0
English Pound Radio	https://a2.asurahosting.com:7310/radio.mp3	0
Epic Rock Radio	https://securestreams6.autopo.st:2222/stream	0
Fantay Radio Dance Techno Pop R B Rap Garage Dubstep Rock House	http://fantasypromsradio.listen2myradio.com	0
FINN Radio One	http://finnradioone.stream.laut.fm/finnradioone?t302=2021-02-17_03-29-31&ampuuid=553b90fa-741a-41a5-9cde-f268dec1c8c6	0
Fluid Radio	https://uk4-vn.mixstream.net/:9270/listen.mp3	0
Fort Erie Radio	https://s2.radio.co/s2992f202d/listen	0
FRC Fofinho Rock Club Web Radio	https://foreverinrock.radioca.st/stream	0
Freakquency	http://freakquency.stream.laut.fm/freakquency?t302=2018-07-21_19-57-21&ampuuid=39053ffb-c802-465c-86d9-7bc4f1c45f95	0
Free Fm rock	http://tachyon.shoutca.st:8298/http:	0
Freedom Rock Radio	http://173.208.177.90:9322/index.html?sid=1	0
Friesenradio	http://friesenradio.stream.laut.fm/friesenradio?t302=2020-07-08_12-03-21&ampuuid=f71d6bb2-ec48-4974-8ee6-54d1847d88f8	0
Froststurm	https://streaming.brol.tech/rtfmlounge	0
Further Rock Radio	https://das-edge63-live365-dal03.cdnstream.com/a81821	0
Futuradio Rock	http://futuradiohits.ice.infomaniak.ch/frhits-128.mp3?utm_host=stream.futuradios.com	0
GHP Radio	https://s2.radio.co/s73944d886/listen	0
Good Rock Radio	https://stream.goodrockradio.com:8000/index.html?sid=1	0
GUSS.FM-Classic Hit Combo	http://s1.reliastream.com:9600/stream/stream/1	0
Halloween Hit Radio	http://halloween-hit-radio.stream.laut.fm/halloween-hit-radio?t302=2023-02-24_00-07-50&ampuuid=e08af386-e623-4040-862b-de2581c40a68	0
Hard Rock Heaven	http://hydra.cdnstream.com/1521_128	0
Hard Rock Hell Radio	http://andromeda.shoutca.st:9254/stream#.mp3/stream/1	0
Hard Rock Nation	http://s3.radio.co/s1f74e2763/listen	0
Haydos Radio A Pop Rock Station	http://myradiostream.com/haydosradio	0
Helix Rock Radio	https://das-edge11-live365-dal03.cdnstream.com/a18155	0
higherpowerradio	https://server-27.stream-server.nl:18388/index.html?sid=1	0
Highwire Daze Radio	https://das-edge17-live365-dal02.cdnstream.com/a00224	0
Hitradio-Katernberg	https://hitradio-katernberg.stream.laut.fm/hitradio-katernberg?t302=2023-04-25_20-31-18&uuid=6f773c54-abd2-450e-b304-d2dd8dcee94a	0
Holy Ghost and Fire Bros Radio	https://das-edge62-live365-dal03.cdnstream.com/a01854	0
Hospital Radio Norwich	https://hospita1.radioca.st/;	0
HotNGold Radio	https://ic2649.c1287.fastserv.com/stream96	0
Howling Rock Radio	http://65.21.202.84:8018/stream	0
Hype Fm Top 40 Dance And Rock	http://hypefm.listen2myradio.com/	0
Indiana Dunes Radio	http://das-edge11-live365-dal03.cdnstream.com/a78203	0
Indie rock radio	https://streaming.radio.co/sdf2a51a1c/listen	0
IndieRadioFM.net COUNTRY RADIO FM	https://strw3.openstream.co/1101?aw_0_1st.collectionid%3D3932%26stationId%3D3932%26publisherId%3D1125%26k%3D1766112277	0
Inhailer Radio	http://streaming.radio.co/seac6e5991/listen	0
Insane Realm Radio	http://radio.streemlion.com:3670/stream	0
Instrumentals Forever	http://bluford.torontocast.com:8074/stream	0
IRN Alternative	https://live.indieradionetwork.net/irnalternative1	0
IRN Heartland	https://live.indieradionetwork.net/irnheartland1	0
IRN Rocks	https://live.indieradionetwork.net/irnrocks1	0
JT Radio	https://das-edge17-live365-dal02.cdnstream.com/a47781	0
KDX Rock Radio	https://das-edge11-live365-dal03.cdnstream.com/a34813	0
KFlash Radio	http://das-edge62-live365-dal03.cdnstream.com/a11112	0
Kmi Rock	http://station.voscast.com/4dd01e791c72a/	0
KRAZY Queue	https://das-edge62-live365-dal03.cdnstream.com/a35765	0
LaCapanna	https://radio.lacapanna.eu/listen/lacapanna/radio.mp3	0
Lafayette Afro Rock Radio	https://www.last.fm/about/whatsnew#player	0
Laut.fm Best_of_80s	http://bestof80s.stream.laut.fm/best_of_80s?t302=2022-08-26_05-17-36&ampuuid=65be85c1-efe7-45b0-8cba-61c9669789ad	0
Laut.FM Smokespace	http://smokespace.stream.laut.fm/smokespace?t302=2023-04-25_19-41-52&uuid=f5ac0728-0cbb-4b51-bf65-75b181430c5b	0
Laut.fm/radioparty	http://radioparty.stream.laut.fm/radioparty?t302=2025-12-19_02-44-37&uuid=71293aa9-d718-4a16-8fc1-dcc6c553a818	0
Le Bon Mix	https://stream9.xdevel.com/audio0s976748-1514/stream/icecast.audio	0
LimbiMusic	http://limbimusic.stream.laut.fm/limbimusic?t302=2018-04-17_17-37-19&ampuuid=10047030-be98-444a-b4ca-e81c2c71fc75	0
LRMA Rock Radio	https://c22.radioboss.fm:18318/stream	0
MALKI RETRO - Radio Pop, Rock &amp Latino	https://radio.andaina.net/8054/stream	0
MaximusrockFM	http://maximusrockfm.stream.laut.fm/maximusrockfm?t302=2023-12-07_09-13-15&ampuuid=023c5142-3357-48d7-8cff-130fd243beb9	0
MAXX FM	http://trappist.shoutca.st:8015/	0
Metal Devastation Radio	https://c13.radioboss.fm/stream/99	0
Metal Invasion Radio	https://radio.metal-invasion.fr/radio/8000/stream.mp3	0
MIDNIGHTBLUZE	https://das-edge62-live365-dal03.cdnstream.com/a49975	0
Mix80Radio	https://stream.tunerplay.com/radio/8040/radio.mp3	0
MkkWeb Rádio	https://servidor34-1.brlogic.com:8096/live	0
Morena FM /Rio	https://centova5.transmissaodigital.com:20005	0
Morena FM 98	http://192.99.14.210:8008/stream/stream/1	0
Mother Classic Rock	http://motherclassicrock.listen2myradio.com/	0
MOTORADIO	https://stream.motoradio.online/high-aac	0
Mouse Brand Radio Classic Hard And Modern Rock	http://myradiostream.com/4/58652	0
Music City Roadhouse	https://das-edge62-live365-dal03.cdnstream.com/a73754	0
MyRock Classic Radio	https://das-edge17-live365-dal02.cdnstream.com/a65226	0
Narrenwut	https://mittelalter-net.stream.laut.fm/mittelalter-net	0
New Age Notes	https://das-edge14-live365-dal02.cdnstream.com/a55861	0
Novaprimeira	https://paineldj.com.br:7310/stream	0
Nu Rock Radio	http://65.21.139.147:8930/stream	0
One Eyed Cat FM	https://s26.myradiostream.com:19698/listen.mp3?nocache=1766112289	0
Orion X	http://streamingp.shoutcast.com/JamendoLounge?lang=*	0
Peek Radio	http://185.105.4.100:8000/stream/stream/1	0
PENTAGRAMA LATINOAMERICANO Radio Folk	https://radio.andaina.net/8072/stream	0
Pink Unicorn Radio	http://listen6.myradio24.com/unicorn	0
Pisti Radio	https://listen7.myradio24.com/bsj	0
PMBRock Radio	https://das-edge63-live365-dal03.cdnstream.com/a63016	0
POP RADIO MONTPELLIER	http://sirius.shoutca.st:9184/http:/stream/1	0
Popkiste	https://popkiste.stream.laut.fm/popkiste	0
Powerhitz Com Pure Classic Rock	http://jbmedia-edge1.cdnstream.com/pureclassicrock	0
Powerhitz Com The Officemix The Best Soft Rock And Pop	http://jbmedia-edge1.cdnstream.com:80/officemix	0
Powerhitz Com The Planet The New Rock Alternative	http://jbmedia-edge1.cdnstream.com/planet	0
Prog Frog	http://eagle.streemlion.com:4040/stream	0
Progman	https://progman.stream.laut.fm/progman?t302=2023-04-25_19-38-46&uuid=d26953c4-c0ab-4c13-8d17-baaded765458	0
Punk Rock Demonstration	https://www.punkrockdemo.com/wplayer/	0
Punkowe Radio Underground	https://s1.slotex.pl:7604/stream/1/?sid=1	0
Queen City Rock Energeticmuzik	http://energeticmuzik.listen2myradio.com/	0
Radio 1 Rock	http://stream.radioreklama.bg/radio1rock64	0
Radio 17bis	https://listen.radioking.com/radio/444/stream/1754	0
Radio 31 Charts	http://charts.stream.laut.fm/charts?t302=2018-03-11_09-44-21&uuid=2f21a568-84d6-459f-ac15-16ed46f1350e	0
Radio 50F	https://listen4.myradio24.com/paradise	0
Radio 567 - XRN Australia	https://us01.xrn.com.au/listen/r567/r567sd	0
Radio Alligator	http://listen.radioking.com/radio/39962/stream/76445	0
Radio Classica Brasil Itapema	https://streaming.livebroadcast.biz/radio/8010/classica	0
RADIO COLLECTION	http://listen.radioking.com/radio/251653/stream/296545	0
Radio Flora TM	https://usa10.fastcast4u.com:9520/?type=http&ampnocache=1705149913	0
Radio Kansas	http://audio-edge-w4d68.yul.o.radiomast.io/5567306a-66f6-4d8f-a399-520e2936e3a0	0
Rádio Livre 95	http://aovivo.radiolivre95.com:8000/radio95	0
Radio Máxima Digital — Revista Sin Recreo	https://mjwsdmsa.radioca.st/	0
Rádio Mistureba OnLine	https://5a57bda70564a.streamlock.net/sc_mistu/sc_mistu.stream/playlist.m3u8	0
Radio M's	http://listen.radioking.com/radio/126061/stream/165805	0
RADIO MUSIC 24	http://nr9.newradio.it:9565/stream	0
Rádio Orbital Light FM Stereo	https://ssl.xcast.com.br:7690/;	0
Radio Preston Air	http://listen.radioking.com/radio/370729/stream/420760	0
Radio Pure Rock	http://s2.stationplaylist.com:7052/listen.aac	0
Radio Reload	http://onair15.xdevel.com:7012/1	0
Radio Rock Sb	http://radiorocksb.6te.net/	0
Radio.Fish	https://listen1.myradio24.com/8317	0
Radioprogram it	https://radio.streemlion.com:/radioprogram	0
Rapososweb	https://s1.bycast.com.br:8176/live	0
RDMIX CLASSIC ROCK	https://cast1.torontocast.com:4610/stream	0
Real Rebel Radio	https://halo.streamerr.co/listen/real_rebel_radio/radio.mp3	0
Retro 80's &amp 90's™ Flashback Music Radio - The Pulse	https://das-edge17-live365-dal02.cdnstream.com/a16621	0
RI Free Radio	http://149.56.155.73:8020/index.html?sid=1	0
Ritmo X99	https://quincy.torontocast.com:2310/	0
River Valley Radio	https://s4.radio.co/s21e58bbd7/listen	0
Rock Antenne Alternative	http://s1-webradio.antenne.de/alternative	0
Rock Antenne Classic Perlen	http://s3-webradio.antenne.de/classic-perlen	0
Rock Antenne Deutschland	http://s3-webradio.antenne.de/rockantenne	0
Rock Antenne Deutschrock	http://s2-webradio.antenne.de/deutschrock	0
Rock Antenne Soft Rock	http://s4-webradio.antenne.de/soft-rock	0
Rock Antenne Young Stars	http://s2-webradio.antenne.de/young-stars	0
Rock Connection 77	http://s43.myradiostream.com:22226/index.html?sid=1	0
Rock energy channel	http://s9.myradiostream.com:5824/index.html?sid=1	0
Rock History Book Classic Rock And More	http://streamdb2web.securenetsystems.net/v4/index.cfm?stationCallSign=ROCK1&amprelocateURL=true	0
Rock Melodic Radio - AOR MELODIC ROCK HARD ROCK	http://live.rockmelodic-radio.com:8124/stream	0
Rock n' Roll Radio	http://radio.streemlion.com:1760/?type=http&ampnocache=1649780906	0
Rock on Bavaria	http://rock-on-bavaria.stream.laut.fm/rock-on-bavaria?t302=2025-12-19_02-44-13&uuid=9017e1c6-6409-4bd7-b07c-e79af4f4fc8e	0
Rock Revenge	http://rockrevenge.listen2myradio.com/	0
Rockabilly-Beats	https://sonicpanel.vmakerhost.com/8194/stream	0
Rocker Rádió	http://fast.citrus3.com:8796/stream	0
Rockin50s Radio	https://eu10.fastcast4u.com/rockin50s	0
rockSatelite-MadridONE	https://stream.tunerplay.com/radio/8050/rocksateliteradio.mp3	0
Roundandsound radio	http://stream.roundandsound.nl/http://?sid=1/stream/1	0
RThunder Radio	https://usa19.fastcast4u.com:3460/?type=http&ampnocache=1706963348	0
Runaway Radio - Rock 101 KLOL	https://streamer.radio.co/sb91c21177/listen	0
SA ROCK RADIO	https://sarock.radioca.st/stream	0
Satire Rock City	https://das-edge63-live365-dal03.cdnstream.com/a14450	0
SFTD Radio	http://hyades.shoutca.st:8270/stream	0
Shout-FM	https://shoutfm.stream.laut.fm/shout_fm?t302=2023-01-05_15-16-58&ampuuid=824b52c4-bf58-42fb-b4b4-9eb576bebf00	0
SKYLEGEND	http://webradiostream.eu:8170/stream	0
SKYRADIOFM	http://skyradiofm.stream.laut.fm/skyradiofm	0
Sonic Subway Radio	http://sonicsubway.listen2myradio.com/	0
Sound of Pluto I	http://cast.magicstreams.gr:9037/LIVE	0
Star104 The Classic Rock Channel	https://radiostorm.com/	0
Stone Rock Radio	http://hyades.shoutca.st:8251/stream	0
Studio NL - Rock und Pop aus Holland	http://studionl.stream.laut.fm/studionl?t302=2017-11-05_00-34-29&ampuuid=4995a825-15bf-4afb-b3a4-13527d9f7d29	0
Studio Rock	http://c17.radioboss.fm:8492/stream	0
Stumble In The Dark Radio	https://a2.asurahosting.com:6920/radio.mp3	0
Sunradio - Best international Music	http://87.237.169.24:8000/live	0
SunriseFm London	https://broadcast.shoutstream.co.uk:8006/stream	0
Svemocni Jez Rock And Roll Radio	http://www.listen2myradio.com/	0
TGN Radio Broadcasting	https://das-edge63-live365-dal03.cdnstream.com/a28902	0
THE BEST MUSIC MIX - HD76 - Hot Springs, Arkansas	https://das-edge63-live365-dal03.cdnstream.com/a86908?aw_0_1st.playerid=esPlayer&ampaw_0_1st.skey=1586998993	0
The Dam Rock Station	https://kathy.torontocast.com:2050/stream	0
The Edge	https://das-edge62-live365-dal03.cdnstream.com/a99781	0
The Musical Box Radio	https://tmbradio.radioca.st/stream	0
The North, 103.3 FM	https://thenorth1033.streamguys1.com/live	0
The Other Side, alternate name: OtherSide.live	https://das-edge12-live365-dal02.cdnstream.com/a27458	0
The Shark	https://das-edge14-live365-dal02.cdnstream.com/a41066	0
The Source:Smooth Jazz Radio - KJAC.DB	http://149.56.183.178:8020/stream	0
TheEL.US	https://das-edge63-live365-dal03.cdnstream.com/a71722	0
Tnt Rock Radio	http://myradiostream.com/4/54272	0
Too Much Too Soon Radio	http://das-edge16-live365-dal02.cdnstream.com/a15209	0
Top Rock	http://cast1.my-control-panel.com:8826/index.html?sid=1	0
TrenTMix Radio	https://listen.radioking.com/radio/154750/stream/195373	0
Vinylestimes	https://listen.radioking.com/radio/7551/stream/385141	0
VitaalFM	https://vitaalfm.radiohost24.nl:8000/vitaalfm.aac	0
W3Z Hotline	https://das-edge14-live365-dal02.cdnstream.com/a50513	0
Waka Classic Rock Dance	http://waka.listen2myradio.com/	0
WEBR Radio 1440 AM	https://s3.radio.co/s99c3ad220/listen	0
websound radio uk	http://s3.radio.co/sef550f8bc/listen	0
WEL 105.5	https://wel105point5.stream.laut.fm/wel105point5?t302=2023-04-25_20-04-38&type=.mp3&uuid=27a696e0-d44f-437b-9446-e1592beabbbd	0
West Kentucky Radio	https://das-edge63-live365-dal03.cdnstream.com/a45690	0
WFNGR696 The FINGER	http://149.56.155.73:8016/index.html?sid=1	0
WFPN RADIO NORWICH CT	http://s25.myradiostream.com:9672/index.html?sid=1	0
WLHA	https://das-edge14-live365-dal02.cdnstream.com/a04907	0
WNYC-DB NEW YORK CITY OLDIES RADIO LIVE 365	https://das-edge16-live365-dal02.cdnstream.com/a02077	0
Wrok Radio Online Rock	http://wrokrockradio.listen2myradio.com/	0
WSUP	https://das-edge62-live365-dal03.cdnstream.com/a10826	0
WVBL Radio	http://finnradioone.stream.laut.fm/finnradioone?t302=2023-12-30_03-44-16&ampuuid=428f2edc-7d40-4bf4-99a2-4e5ebab0e606	0
XRadio	http://xradio.zone:9420/index.html?sid=1	0
Yimago Lite Rock	https://strw3.openstream.co/874?aw_0_1st.collectionid%3D3668%26stationId%3D3668%26publisherId%3D898%26k%3D1766112308	0
Zamanalwasl Radio	https://zamanalwaslradio.out.airtime.pro/zamanalwaslradio_b	0
Радіо Канал Благодаті	http://noasrv.caster.fm:10001/live	0
