#Musik Solo Piano	https://rautemusik.stream17.radiohost.de/solopiano?ref=radiode&upd-meta&upd-scheme=https&_art=dD0xNzY2MTU1ODgxJmQ9ZTUwYzk5NmI1YjlmMzAwMmViZjM	0
%title - %artist	http://163.172.77.142:8006/stream	0
// 24/7 lofi.hiphop radio - provided by sainen.co //	https://radio.synserv.net/listen/sainen/radio.mp3	0
011.FM - Holiday Instrumental	https://free.rcast.net/234098	0
011.FM - Pure Piano	https://listen.011fm.com/stream22	0
03- Radio Felove Instrumentales	https://free.rcast.net/213811	0
0nlineradio BACH	https://0nlineradio.stream13.radiohost.de/0r-bach?ref=radiode&upd-meta&upd-scheme=https&_art=dD0xNzY2MTU1OTczJmQ9MGRjYmUwNWNhYjhkNDQ2YmEyYjE	0
0nlineradio CHILLOUT	https://0nlineradio.stream13.radiohost.de/0r-chillout?ref=radiode&upd-meta&upd-scheme=https&_art=dD0xNzY2MTU1OTcyJmQ9NDExOWU2MzczODAyMDFkZWJhNWE	0
0nlineradio HÄNDEL	https://0nlineradio.stream13.radiohost.de/0r-haendel?ref=radiobrowser&upd-meta&upd-scheme=https&_art=dD0xNzY2MTU1ODY2JmQ9MWFmMDY1OTgwY2RhMDBhYjEwMDc	0
0nlineradio PIANO	https://0nlineradio.stream13.radiohost.de/0r-piano?ref=radiode&upd-meta&upd-scheme=https&_art=dD0xNzY2MTU1OTcyJmQ9Y2IzMjE5MjE3OTRjNGQxNzc0MGY	0
0nlineradio Piano	https://0nlineradio.stream13.radiohost.de/0r-piano?upd-meta&upd-scheme=https&_art=dD0xNzY2MTU1OTM0JmQ9NmQ4Mzc1OTNlNDFlMjM2NzdhNTQ	0
0nlineradio PIANO	https://0nlineradio.stream42.radiohost.de/0r-piano?ref=streammitter&upd-meta&upd-scheme=https&_art=dD0xNzY2MTU2MTE1JmQ9ODJkZDlkMjgzMGY5ZTRmYmZiMDQ	0
0nlineradio VIVALDI	https://0nlineradio.stream13.radiohost.de/0r-vivaldi?ref=radiobrowser&upd-meta&upd-scheme=https&_art=dD0xNzY2MTU1ODY2JmQ9N2E4MTdhYThiZDQ0MjQyZjIwNjc	0
1.FM - Movie Soundtracks Hits Radio	http://strm112.1.fm/moviesoundtracks_mobile_mp3	0
1.FM - Otto's Baroque Music Radio	http://strm112.1.fm/baroque_mobile_mp3	0
100% PROGRESSIVE ROCK	http://streamingp.shoutcast.com/JamendoLounge?lang=*	0
1000 Melodien	http://1000melodien.stream.laut.fm/1000melodien?t302=2025-12-19_14-46-05&uuid=d74fc71e-9e87-4a83-a296-fdb0010b9b47	0
1000 Melodien Radio	https://1000melodien.stream.laut.fm/1000melodien	0
1000 Webradios - 1000 Melodien	https://1000melodien.stream.laut.fm/1000melodien?t302=2025-12-19_14-48-14&uuid=8ee05940-0e0d-487c-ba93-9e730ebade5f	0
101 Smooth Jazz	https://ais-edge90-dal03.cdnstream.com/b22139_128mp3	0
101 SMOOTH JAZZ	https://jking.cdnstream1.com/b22139_128mp3	0
101.RU - Instrumental	https://pub0101.101.ru/stream/pro/aac/64/28	0
101.RU - Swing	http://pub0101.101.ru:8000/stream/pro/aac/64/90	0
113FM Radio - Elevator	http://113fm-atunwadigital.streamguys1.com/1010	0
113FM Radio – Elevator	http://113fm-edge1.cdnstream.com/1813_128	0
126 The Genesis	https://s5.radio.co/s1089dc418/listen	0
1640 A.M. America Radio - Beautiful Instrumentals Channel	http://hydra.cdnstream.com/1822_128	0
181.FM - BeBop Jazz	http://icyrelay.181.fm/181-bebop_128k.mp3	0
181.fm - Classical Guitar	http://relay.181.fm:8020/	0
181.FM - The Breeze	http://relay3.181.fm:8004/	0
202.FM - Classical @ 202	http://listen.livestreamingservice.com/181-classical_128k.mp3	0
24/7 Cinematic Radio	https://ec6.yesstreaming.net:2795/stream	0
24/7 Classical Radio	https://ec3.yesstreaming.net:3615/stream	0
24/7 Radio Christmas	https://ec6.yesstreaming.net:2945/stream	0
3 Music Harmony	https://misato.ru-hoster.com:8057/stream	0
3 music Harmony	http://misato.ru-hoster.com:8057/stream	0
4FourPlay Radio	https://s4.radio.co/s6d6bf355e/listen	0
92.3 The Fox	https://17843.live.streamtheworld.com/KOFXFMAAC.aac?dist=onlineradiobox	0
96.5 CayRock Listen live	https://ice24.securenetsystems.net/CAYROCK	0
97Five	https://das-edge13-live365-dal02.cdnstream.com/a19385	0
99.5 WCRB – WGBH-HD2	http://163.172.169.217/ama-h/	0
A Motion Radio	https://a-motionradio.stream.laut.fm/a-motionradio?ref=radiode&t302=2025-12-19_14-47-56&uuid=764d48a8-aab4-4f56-b631-b0ec0cccccce	0
a motionradio	http://a-motionradio.stream.laut.fm/a-motionradio	0
a.m. ambient	http://radio.stereoscenic.com:443/ama-h/	0
Abiding Radio - Bluegrass Hymns	http://streams.abidingradio.org:7840/1	0
Abiding Radio - Instrumental	https://streams.abidingradio.com:7800/1	0
Abiding Radio - Instrumental	https://das-edge14-live365-dal02.cdnstream.com/a39578?dist=theonestopradio	0
Abiding Radio Instrumental	http://streams.abidingradio.org:7800/1	0
Abiding Radio Instrumental Hymns	https://www.abidingradio.org/radio/instrumental	0
Abiding Radio Seasonal	https://www.abidingradio.org/radio/seasonal	0
ADHS Radio	https://adhsradio.stream.laut.fm/adhs_radio	0
AirlessRadio – Strumtastic	http://pureplay.cdnstream1.com/6021_128.mp3	0
Akustikland	https://moondigitaledge.radyotvonline.net/akustikland/playlist.m3u8	0
All Piano Radio	https://listen.radionomy.com/all-piano-radio.m3u	0
allerlei buntes	http://allerlei-buntes.stream.laut.fm/allerlei-buntes	0
Allzic Radio Chill Out	https://allzic53.ice.infomaniak.ch/allzic53.mp3	0
Allzic Radio Classic Piano	https://allzic47.ice.infomaniak.ch/allzic47.mp3	0
Ambient Modern	http://s.stereoscenic.com/mod-s.pls	0
Ameria Radio	https://a7.asurahosting.com:7890/radio.mp3	0
amicaradio	https://amicaradio.stream.laut.fm/amicaradio?ref=radiode&t302=2025-12-19_14-46-28&uuid=a00766a2-3474-48f2-98b1-ddb39790add2	0
Anakku	http://myintradio.listen2myradio.com/	0
angela westendorf radio	http://angela-westendorf-radio.stream.laut.fm/angela-westendorf-radio	0
anticr3w	http://anticr3w.stream.laut.fm/anticr3w	0
Anticr3w	https://anticr3w.stream.laut.fm/anticr3w	0
antipixel	http://antipixel.stream.laut.fm/antipixel	0
Anuncios Barak	https://stream2.305stream.com/proxy/client283?mp=/stream	0
Anuncios Barak Radio	https://radiozone.org/8024/stream	0
Apata	https://noasrv.caster.fm:10001/live	0
Aripi Spre Cer Instrumental - 64 - Romania - instrumental	https://instrumental.aac.aripisprecer.ro/radio.mp3;	0
ATOS Theatre Organ Radio	http://atosradio.com:8001/ATOSRadio	0
Atos420 Instrumental	http://usa3.fastcast4u.com:5726/stream/1/	0
Aura Stereo radio	https://as100.globalhost1.com/8088/stream	0
b4gg	http://b4gg.stream.laut.fm/b4gg?t302=2025-12-19_14-49-06&uuid=68e4e3e0-db37-44d7-96b2-b2f2d6278151	0
Babel	https://radios.iwstreaming.uy/8030/stream	0
backbeatradio	http://backbeatradio.stream.laut.fm/backbeatradio?t302=2025-12-19_14-49-05&uuid=955a5e34-d924-419e-9d7f-99c104dca145	0
Baladas Pop Retro	https://media.streamingradiomx.com/listen/baladas_pop_retro/radio.mp3	0
bard-radio	https://a7.radioheart.ru:9010/RH4465	0
Batuta Radio	http://51.15.160.78:8192/stream/	0
Bavarian Radio Com	http://www.bavarianradio.com/	0
Beautiful Instrumentals Channel Radio	https://hydra.cdnstream.com/1822_128	0
Beautiful Instrumentals Channel radio	https://panel.retrolandigital.com/listen/instrumental_hits_radio/listen	0
Bellissima Relax	https://strw3.openstream.co/816?aw_0_1st.collectionid%3D3607%26stationId%3D3607%26publisherId%3D840%26k%3D1766155662	0
Berliner Rundfunk - Neue Deutsche Welle Listen live	https://topradio.stream41.radiohost.de/brf-ndw_mp3-192?agend=true&upd-meta&upd-scheme=https&_art=dD0xNzY2MTU1OTYwJmQ9N2ViZGVjMGQ0MmQxOTg2ZjBkYzA	0
Beyond Words	http://hemnos.cdnstream.com/1469_128	0
Big R Radio - Worship	https://bigrradio.cdnstream1.com/5179_128	0
Blasmusikradio	https://blasmusikradio.stream.laut.fm/blasmusikradio?	0
Blasmusikradio	https://blasmusikradio.stream.laut.fm/blasmusikradio	0
Blechradio 1 - böhmisch mährisch	http://stream1.blechradio.at:8000/radio.mp3	0
Blechradio 1 - böhmisch mährisch	https://streamt.at/radio/8000/blechradio1.mp3	0
Blechradio 2 - Pop and Rock	https://streamt.at/radio/8010/blechradio2.mp3	0
Blechradio 3 – Tanzlmusi	https://streamt.at:8020/website_tanzlmusi.mp3?ver=366213	0
Blue Lake Public Radio - WBLU-FM	https://wblv.streamguys1.com:80/live	0
Blue Lake Public Radio – WBLU-FM	http://wblv.streamguys1.com/live	0
Blue Radio™️	https://a3.asurahosting.com:7960/radio.mp3	0
Blue Radio™️	https://s37.radiolize.com/radio/8020/radio.mp3	0
bluesclub	http://bluesclub.stream.laut.fm/bluesclub	0
BluesClub	http://bluesclub.stream.laut.fm/bluesclub?t302=2025-12-19_14-48-04&uuid=414a2aa5-c71c-4686-917b-2045bf896ca0	0
BMOP	https://das-edge14-live365-dal02.cdnstream.com/a39578	0
Bon Déjeuner! Radio 1	https://listen.radioking.com/radio/1743/stream/125	0
BongoRadio	https://bongoradio.stream.laut.fm/bongoradio?ref=radiode&t302=2025-12-19_14-46-24&uuid=37265415-1489-449f-9096-3c778d2f6fad	0
Bonton Radio	https://22733.live.streamtheworld.com/BONTONAAC.aac	0
Bonton Radio	https://25703.live.streamtheworld.com/BONTONAAC.aac?dist=onlineradiobox	0
Boston Modern Orchestra Project (BMOP) Radio	https://das-edge11-live365-dal03.cdnstream.com/a39578	0
Brazilian Hour	http://das-edge16-live365-dal02.cdnstream.com/a40542	0
bricolage	http://bricolage.stream.laut.fm/bricolage	0
Bridge FM Hungary Radio	http://eu4.fastcast4u.com:1546/stream	0
BUILDSUCHTER Listen live	https://buildsuchter.stream.laut.fm/buildsuchter?ref=radiode&t302=2025-12-19_14-47-33&uuid=12161ff3-896f-4cf8-8243-201d0d3ae43b	0
Bulbul	https://radiobulbul.stream.laut.fm/radiobulbul?t302=2020-04-23_02-49-10&uuid=0e662e05-5e4b-442e-8341-d92ccad032f8	0
Burt Bacharach	https://2.mystreaming.net/uber/easyburtbacharach/icecast.audio	0
CADENA CRISTIANA DEL PERU Radio	https://maximacenterdata.com/8104/stream	0
Calm - Radio Dacia	http://5.2.198.216:8016/index.html?sid=1	0
CALM RADIO - Antonin Dvorak	https://streams.calmradio.com:10528/stream/1/	0
Calm Radio - Antonio Vivaldi	http://streams.calmradio.com:8928/stream	0
CALM RADIO - Beethoven	https://streams.calmradio.com:6928/stream/1/	0
Calm Radio - Brahms	http://streams.calmradio.com:7128/stream/	0
CALM RADIO - Brahms	https://streams.calmradio.com:7128/stream/1/	0
Calm Radio – Brahms	http://streams.calmradio.com:7128/stream	0
Calm Radio - Cantatas	http://streams.calmradio.com:9028/stream/	0
Calm Radio – Cantatas	http://streams.calmradio.com:9028/stream	0
CALM RADIO - Chopin	https://streams.calmradio.com:7628/stream/1/	0
Calm Radio - Chopin	http://streams.calmradio.com:7628/stream/	0
CALM RADIO - Dmitri Shostakovich	https://streams.calmradio.com:12528/stream/1/	0
CALM RADIO - Erik Satie	https://streams.calmradio.com:12328/stream/1/	0
Calm Radio - Flute	http://streams.calmradio.com:4828/stream/	0
Calm Radio – Flute	http://streams.calmradio.com:4828/stream	0
CALM RADIO - Francis Poulenc	https://streams.calmradio.com:12228/stream/1/	0
CALM RADIO - Franz Liszt	https://streams.calmradio.com:9128/stream/1/	0
Calm Radio - Frescobaldi	http://streams.calmradio.com:9428/stream	0
CALM RADIO - Igor Stravinsky	https://streams.calmradio.com:8628/stream	0
CALM RADIO - Jazz Piano	https://streams.calmradio.com:30728/stream/1/	0
Calm Radio - JS Bach	http://streams.calmradio.com:6828/stream	0
CALM RADIO - Oboe	https://streams.calmradio.com:25028/stream/1/	0
Calm Radio - Orient	http://streams.calmradio.com:3628/stream/	0
Calm Radio – Orient	http://streams.calmradio.com:3628/stream	0
Calm Radio - Schubert	http://streams.calmradio.com:8228/stream	0
Calm Radio - Schumann	http://streams.calmradio.com:8128/stream/	0
Calm Radio – Schumann	http://streams.calmradio.com:8128/stream	0
CALM RADIO - Sergei Rachmaninoff	https://streams.calmradio.com:9228/stream/1/	0
Calm Radio - Sergei Rachmaninoff	http://streams.calmradio.com:9228/stream/	0
Calm Radio – Sergei Rachmaninoff	http://streams.calmradio.com:9228/stream	0
Calm Radio - Sleep	http://streams.calmradio.com:30628/stream	0
Calm Radio - Solo Piano	http://streams.calmradio.com:1228/stream	0
Calm Radio - Telemann	http://streams.calmradio.com:8828/stream/	0
Calm Radio – Telemann	http://streams.calmradio.com:8828/stream	0
CALM RADIO - Trumpet	https://streams.calmradio.com:15828/stream/1/	0
Calm Radio - Viola Da Gamba	http://streams.calmradio.com:10128/stream	0
Calm Radio - Violin	http://streams.calmradio.com:4528/stream/	0
Calm Radio – Violin	http://streams.calmradio.com:4528/stream	0
Calm Radio - Wagner	http://streams.calmradio.com:11428/stream/	0
Calm Radio – Wagner	http://streams.calmradio.com:11428/stream	0
Calm Radio - Yo Yo Ma	http://streams.calmradio.com:11228/stream	0
Calm Radio Cantatas	https://streams.calmradio.com:9028/stream	0
Calm Radio Classical Guitar	https://streams.calmradio.com:2728/stream	0
Calm Radio Peaceful Piano &ampamp Guitar	https://streams.calmradio.com:28328/stream	0
Caprice Radio - Piano	http://79.120.77.11:8002/piano	0
Catalunya Música	https://shoutcast.ccma.cat/ccma/catalunyamusicaHD.mp3	0
CBN Ins   128	http://cbnradio.streamguys1.com/instrumental-128K-fallback	0
CBN Ins   64	http://praisedotcom.streamguys1.com/instrumental-64K-fallback	0
CBN Selah	https://streams.cbnradio.com/instrumental-128K?app=onlineradiobox	0
CBN Selah Radio	https://streams.cbnradio.com/instrumental-128K	0
CBNRadio.Com	https://free.rcast.net/242791	0
CELLO Sampler	http://streams.calmradio.com:4628/stream	0
Cena Neural FM	https://servidor22-3.brlogic.com:7380/live	0
CHAMBER MUSIC Sampler	http://streams.calmradio.com:7528/stream	0
chat-fire	http://chat-fire.stream.laut.fm/chat-fire?t302=2025-12-19_14-49-06&uuid=9a4e6d25-af82-43cc-aebf-f885ef6e2e61	0
CHILLOUT PIANO by Epic Piano	https://0nlineradio.stream13.radiohost.de/piano-chillout-piano?ref=radiobrowser&upd-meta&upd-scheme=https&_art=dD0xNzY2MTU1ODY5JmQ9YTE0YzE0YmRjNmQ2MDY3MzljNjg	0
chillstream	http://chillstream.stream.laut.fm/chillstream	0
CHOPIN by Epic Piano	https://0nlineradio.stream42.radiohost.de/piano-chopin?ref=radiobrowser&upd-meta&upd-scheme=https&_art=dD0xNzY2MTU1ODcyJmQ9YjY5MDcyZTRlYTU3ODk0MDc3YWE	0
Christian Church Radio Classic	http://das-edge13-live365-dal02.cdnstream.com/a84344	0
Christian Instrumental Radio	https://free.rcast.net/235076	0
CHRISTMAS PIANO by Epic Piano	https://0nlineradio.stream42.radiohost.de/piano-christmas-piano?ref=radiobrowser&upd-meta&upd-scheme=https&_art=dD0xNzY2MTU1ODcyJmQ9MDg5ZmQ2N2RmNTI5NTgxZTg5YWY	0
christromantik	https://christromantik.stream.laut.fm/christromantik?ref=radiode&t302=2025-12-19_14-46-24&uuid=1b0d3920-a3ab-41e8-9c11-2629ff965b92	0
Cidade radio	http://stream.zeno.fm/70854g7k6s8uv.m3u	0
Cinemix	https://kathy.torontocast.com:1825/stream	0
Cinemusic Radio	https://listen.radioking.com/radio/422/stream/62785	0
Classic America	http://ice2.securenetsystems.net/CLASM	0
Classic KABL Radio	http://s2.stationplaylist.com:7104/listen.aac	0
Classical Guitar Radio	https://stream1.rcast.net/65641	0
CLASSICAL MIX Sampler	http://streams.calmradio.com:2828/stream	0
Classical Radio - Jacqueline Du Pre (Cello)	https://2.mystreaming.net/uber/crjacquelinedurpre/icecast.audio	0
Classical Radio - Julian Lloyd Webber (Cello)	https://2.mystreaming.net/uber/crjulianlloydwebber/icecast.audio	0
Classical Radio - Lang Lang (Piano)	https://2.mystreaming.net/uber/crlanglang/icecast.audio	0
Classical Radio - Nigel Kennedy (Violin)	https://2.mystreaming.net/uber/crnigelkennedy/icecast.audio	0
Classical Radio - Vanessa Mae (Violin)	https://2.mystreaming.net/uber/crvanessamae/icecast.audio	0
Classical Radio - Vladamir Horowitz (Piano)	https://2.mystreaming.net/uber/crvladamirhorowitz/icecast.audio	0
Classical Radio - Yehudi Menuin (Violin)	https://2.mystreaming.net/uber/cryehudimenuin/icecast.audio	0
Classicalways	https://carina.streamerr.co:8120/stream	0
Classik Radio	http://stream3.vestaradio.com/ClassikRadio	0
Cleansing Beyond Words Radio	https://hemnos.cdnstream.com/1469_128	0
Cleansing Faith	http://sl-2396.cdnstream.com/1470_128	0
Cleansing Faith Radio	https://sl-2396.cdnstream.com/1470_128	0
CleansingMusic	http://sl-2396.cdnstream.com/1464_128	0
CleansingMusic - Cleansing 50's	http://thassos.cdnstream.com:8000/stream/	0
CleansingMusic Radio	https://sl-2396.cdnstream.com/1464_128	0
Colección Gladys Palmera	https://streams.radio.co/s496c4d2e8/listen	0
Corban Broadcasting - WIMV	https://ais-sa1.streamon.fm/7213_24k.aac/playlist.m3u8	0
COSMOS	https://dattavolt.com/8102/Cosmos	0
Couleurs Jazz Radio	https://listen.radioking.com/radio/127546/stream/167344?	0
crazy rhythm radio	http://crazy-rhythm-radio.stream.laut.fm/crazy-rhythm-radio	0
CRN - Rap Instrumentals - 320 - The Russian Federation - instrumentals - rap instrumentals	http://79.120.77.11:8000/instrumentalhiphop	0
ctuMellow	https://ams-pioneer02.dedicateware.com:1555/stream	0
Dancefmlive Trance	https://broadcast.dancefmlive.com/radio/8010/radio.mp3	0
Delta Piraat	http://stream.deltafm.nl:8125/index.html?sid=1	0
deutschraprocks	http://deutschraprocks.stream.laut.fm/deutschraprocks	0
Diana Krall Radio	https://2.mystreaming.net/uber/easydianakrall/icecast.audio	0
DIDGERIDOO Sampler	http://streams.calmradio.com:20428/stream	0
disco	http://disco.stream.laut.fm/disco?t302=2025-12-19_14-48-14&uuid=70e8ba82-38c0-4d34-8114-c005b1bb7525	0
dj trigon	http://dj-trigon.stream.laut.fm/dj-trigon	0
dj-trigon	http://dj-trigon.stream.laut.fm/dj-trigon?t302=2025-12-19_14-49-05&uuid=a49815d3-42f4-4282-ab5d-26b53b0c0b4d	0
dj-trigon_manually added	http://dj-trigon.stream.laut.fm/dj-trigon?ref=radiode\u0026t302=2018-02-28_18-23-31\u0026uuid=f0d4020c-29c6-401f-b5a0-82431ca2bf58	0
Dolfijn FM Techno Listen live	https://radiostreamfm.com/radio/8050/radio.mp3	0
Dreams	https://listen2.myradio24.com/dreams	0
driland	http://driland.stream.laut.fm/driland	0
DWGradio Радио Слово Божье	https://server32349.streamplus.de/stream.mp3	0
Earth Aural	https://stream1.srvnetplus.com:18098/stream/1/	0
Easy 92.5	https://hibridplayer.com/t/kwmedia-kweasy.m3u8	0
Easy Instrumentals - 0 - The United Arab Emirates - smoothest instrumentals	https://2.mystreaming.net/uber/easyinstrumentals/icecast.audio	0
Easy Listening Christmas	https://jenny.torontocast.com:2000/stream/easy-listening-christmas	0
Easy Radio - Easy Instrumentals	http://3.mystreaming.net/uber/easyinstrumentals/icecast.audio	0
Echtepiraten Radio Listen live	https://azuraserv3.live-streams.nl:8040/stream.mp3	0
Ejecutivos Radio	http://163.172.77.142:8411/index.html?sid=1	0
ejecutivosRADIO	https://radio35.virtualtronics.com:20015/stream/1/	0
El Gauna FM	http://82.201.132.237:8000/;stream.mp3/;	0
El Gauna FM radio	http://82.201.132.237:8000/stream.mp3/	0
Electrola Radio	https://s7.citrus3.com:2020/public/electrolaradio	0
Enigmatic Sunshine	http://radio.enigmatic.su:8110/radio	0
EnVision Radio	http://stream.radio.co/s620c240af/listen	0
Enya	https://2.mystreaming.net/uber/easyenya/icecast.audio	0
EPIC CLASSICAL - Classical Pan Flute	https://0nlineradio.stream13.radiohost.de/classical-classical-pan-flute?ref=liveradio&upd-meta&upd-scheme=https&_art=dD0xNzY2MTU1ODcwJmQ9Njc1ZDM4ZjIwOTEyNGZlOGEyZWI	0
EPIC CLASSICAL - Classical Piano	https://0nlineradio.stream13.radiohost.de/classical-classical-piano?ref=radiode&upd-meta&upd-scheme=https&_art=dD0xNzY2MTU1OTc1JmQ9MjBlZDZhMWI0ZTI1NWNlYzlhZGQ	0
EPIC CLASSICAL - Classical Pop	https://0nlineradio.stream42.radiohost.de/classical-classical-pop?upd-meta&upd-scheme=https&_art=dD0xNzY2MTU1ODczJmQ9M2U5ZTMyMTBiN2ZjNWI1NGZlYzk	0
EPIC CLASSICAL - Classical Restaurant Music	https://0nlineradio.stream13.radiohost.de/classical-classical-restaurant-music?upd-meta&upd-scheme=https&_art=dD0xNzY2MTU1ODcwJmQ9MGRiMjBiYjA4MjMwYjAxOTJhNjQ	0
EPIC CLASSICAL - Classical Romance	https://0nlineradio.stream42.radiohost.de/classical-classical-romance?ref=radiofm&upd-meta&upd-scheme=https&_art=dD0xNzY2MTU2MDUxJmQ9MThkOTU0Mzg5OTg0MzE2ODAwOTY	0
EPIC CLASSICAL - Classical Violin	https://0nlineradio.stream42.radiohost.de/classical-classical-violin?upd-meta&upd-scheme=https&_art=dD0xNzY2MTU1ODczJmQ9ZTRmNjdiYTdkMTM5Zjg2ODVlZmU	0
Epic Lounge - JAZZHOP	https://0nlineradio.stream42.radiohost.de/lounge-jazzhop-lounge?ref=radiobrowser&upd-meta&upd-scheme=https&_art=dD0xNzY2MTU1ODczJmQ9N2YwYzkxZWIyMTllMWJmOTNmNTc	0
Epic Lounge - Nature Sounds	https://0nlineradio.stream13.radiohost.de/lounge-nature-sounds?upd-meta&upd-scheme=https&_art=dD0xNzY2MTU1OTQxJmQ9MzcwY2UwMGNmNDIzMjc2Mjg2YzM	0
Epic Lounge - Sax House Lounge Radio	https://0nlineradio.stream13.radiohost.de/lounge-sax-house-lounge?upd-meta&upd-scheme=https&_art=dD0xNzY2MTU2MTIzJmQ9YzYyZDc0ZmM1OGNlYWEwZmExM2Y	0
ESC Radio Listen live	https://esc.stream.laut.fm/esc?t302=2025-12-19_14-47-33&uuid=94e3bb02-7755-466b-8a7c-b914544b5f2c	0
esprit	http://esprit.stream.laut.fm/esprit	0
Eurodance Listen live	https://eurodance.stream.laut.fm/eurodance?t302=2025-12-19_14-47-29&uuid=a2a708e4-1423-4974-8673-10ee4e00ae87	0
EuropaRussia	http://europarussia.ru:8006/stream/1/	0
Exclusively Jack Johnson Listen live	https://2.mystreaming.net/er/jackjohnson/icecast.audio	0
Exclusively Snow Patrol Listen live	https://2.mystreaming.net/er/snowpatrol/icecast.audio	0
Festival Radio Listen live	https://festivalradio.stream.laut.fm/festivalradio?t302=2025-12-19_14-47-31&uuid=b55e9764-eeb8-4ddc-a0d3-6499c0d064d8	0
festivalradio	https://festivalradio.stream.laut.fm/festivalradio?ref=radiode&t302=2025-12-19_14-46-28&uuid=7b8c9619-3414-42f7-bf01-0dc382b90973	0
FFH Acoustic Hits	https://mp3.ffh.de/ffhchannels/hqacoustichits.mp3?amsparams=playerid:RTFFHRadioDE;skey:1766155581	0
FFH Acoustic Hits Listen live	https://mp3.ffh.de/ffhchannels/hqacoustichits.mp3	0
Filmradio	https://filmradio.stream.laut.fm/filmradio?t302=2018-03-10_04-44-05\u0026uuid=59ca68e0-84a4-492d-9b0b-36c45690cd59	0
Fluid Radio	http://uk4-vn.webcast-server.net:9270/index.html?sid=1	0
France Musique - Webradio Classique Easy	https://stream.radiofrance.fr/francemusiqueeasyclassique/francemusiqueeasyclassique_hifi.m3u8	0
freakme	http://freakme.stream.laut.fm/freakme	0
Gametation	http://game-tation.stream.laut.fm/game-tation?t302=2018-03-10_04-54-29\u0026uuid=70ec85a9-6e3c-4c6d-af29-8ef19a8c1dca	0
Gaveromroep Deerlijk - 105.7 FM / Kortrijk 106.4 FM	http://s43.myradiostream.com:18192/index.html?sid=1	0
generationen	http://generationen.stream.laut.fm/generationen?t302=2025-12-19_14-48-14&uuid=f8c7202b-89d9-4674-9be7-08da8acad6f7	0
GHP Radio	https://s2.radio.co/s73944d886/listen	0
gitarrenradio	https://gitarrenradio.stream.laut.fm/gitarrenradio?ref=radiode&t302=2025-12-19_14-46-25&uuid=46d2edb9-23a9-4216-8712-958e7690e34b	0
Gitarren-Radio Listen live	https://gitarrenradio.stream.laut.fm/gitarrenradio?t302=2025-12-19_14-47-32&uuid=00463439-fa9c-44d3-8378-11ff5e7f2dc2	0
gl5funk	http://gl5funk.stream.laut.fm/gl5funk	0
GOLD INSTRUMENTAL	https://centova.svdns.com.br:19373/stream	0
Gold instrumental  Web Radio Listen live	https://centova.svdns.com.br:19373/index.html?sid=1	0
GotRadio - Celtic Crossing	http://gr02.cdnstream.com:8010/	0
GotRadio - Guitar Genius	http://206.217.213.235:8020/	0
GotRadio - Heavenly Holidays	https://pureplay.cdnstream1.com/6021_128.mp3	0
GotRadio – Jazz So True	http://206.217.213.236:8450/	0
GotRadio - Native American	http://gr02.cdnstream.com:8030/	0
GotRadio - Piano Perfect	https://pureplay.cdnstream1.com/6017_128.mp3	0
GotRadio – Piano Perfect	http://206.217.213.235:8050/	0
GotRadio Piano Perfect	https://pureplay.cdnstream1.com/6017_64.aac	0
GREAT PIANO CONCERTS by Epic Piano	https://0nlineradio.stream13.radiohost.de/piano-great-piano-concerts?ref=radiode&upd-meta&upd-scheme=https&_art=dD0xNzY2MTU1OTczJmQ9ZTFhYTkwMGM1NTk3MTcyNDBhODE	0
Greek Turtle Radio	https://streamingp.shoutcast.com/JamendoLounge?lang=*	0
GRIEG by Epic Piano	https://0nlineradio.stream13.radiohost.de/piano-grieg?ref=radiobrowser&upd-meta&upd-scheme=https&_art=dD0xNzY2MTU1ODcxJmQ9M2M2MDg3NTJkOTUwNzZiOTJlNTI	0
Guitargalaxy Listen live	https://guitargalaxy.stream.laut.fm/guitargalaxy	0
Halloween radio Atmosphere	http://radio1.streamserver.link:8040/hra-aac	0
Halloween radio Soundtracks	http://radio1.streamserver.link:8050/hrs-aac	0
HARP Sampler	http://streams.calmradio.com:4328/stream	0
Hasyakattaofficial	https://hasyakattaofficial.stream.laut.fm/hasyakattaofficial?ref=radiode&t302=2025-12-19_14-47-55&uuid=3c7102d0-628a-4dc4-9f8f-2e4225d20990	0
hasyakattaofficial	http://hasyakattaofficial.stream.laut.fm/hasyakattaofficial	0
Haze.FM Beats	https://listen.radionomy.com/hazefmbeats.m3u	0
Henry Mancini	https://2.mystreaming.net/uber/easyhenrymancini/icecast.audio	0
Herb Alpert Radio	https://2.mystreaming.net/uber/easyherbalpert/icecast.audio	0
herukan	https://herukan.stream.laut.fm/herukan?ref=radiode&t302=2025-12-19_14-46-28&uuid=d2cc9581-3cc0-44d1-b83b-c03bee482c41	0
Hi Power	http://207.180.205.39:8000/radio.mp3	0
High Tide Radio	https://listen.radionomy.com/HighTideRadiocom.m3u	0
Hit Radio FFH - Soundtrack	http://mp3.ffh.de/ffhchannels/hqsoundtrack.mp3?amsparams=playerid:RTFFHStreema;skey:1766155686	0
Hitradio Aachen	http://168.119.104.246:8114/live	0
Hitradio Ahrweiler	http://168.119.104.246:8158/live	0
Hitradio Aichach	http://168.119.104.246:8160/live	0
Hitradio Alb-Donau	http://168.119.104.246:8164/live	0
Hitradio Allgäuer	http://168.119.104.246:8290/live	0
Hitradio Altötting	http://168.119.104.246:8172/live	0
Hitradio Holstein	http://168.119.104.246:8292/live	0
hitradio katernberg	http://hitradio-katernberg.stream.laut.fm/hitradio-katernberg	0
Hitradio Lindau	http://panel.fm-streams.de:8460/live	0
Hitradio Lübeck	https://s35.derstream.net/radioluebeck-192.mp3	0
Hitradio Ostholstein	http://168.119.104.246:8280/live	0
Hitradio Rheinland	http://168.119.104.246:8808/live	0
Hitradio Scharbeutz	http://168.119.104.246:8152/live	0
Hitradio Sylt	http://168.119.104.246:8284/live	0
Hitradio Usedom	http://168.119.104.246:8286/live	0
Hitradio1.nl	https://everestcast.live-streams.nl:8556/stream	0
Hitradio-Katernberg	https://hitradio-katernberg.stream.laut.fm/hitradio-katernberg?t302=2025-12-19_14-47-27&uuid=3435af82-2e94-4d91-b1aa-4c83bce90b92	0
Hitz Channel by Tweal Listen live	https://listen.openstream.co/3624/audio	0
hoerenundgeniessen	http://hoerenundgeniessen.stream.laut.fm/hoerenundgeniessen	0
Hong Kong Community Radio	https://hkcr.live/audio/index.m3u8	0
hören & genießen	https://hoerenundgeniessen.stream.laut.fm/hoerenundgeniessen?ref=radiode&t302=2025-12-19_14-47-55&uuid=8099653a-7399-499f-9175-6e38ef39216b	0
Humboldt 101	https://ais-sa2.cdnstream1.com/2188_128.mp3	0
Hungama – Bolly Instrumental	http://das-edge12-live365-dal02.cdnstream.com/a92856	0
Hypnerion.com Radio	https://stream12.hosterion.pl/stream/hypnosradio/stream	0
ikm radio	http://ikm-radio.stream.laut.fm/ikm-radio	0
Illadelphia Radio	https://das-edge12-live365-dal02.cdnstream.com/a92856	0
illerpowercharity	http://illerpowercharity.stream.laut.fm/illerpowercharity	0
IMBR - International Missionary Baptist Radio	https://s2.radio.co/sdb9086b76/listen	0
IMER – Opus 94.5 FM – XHIMER	http://panel.retrolandigital.com:8130/listen	0
Instrumental	https://instrumental.stream.laut.fm/instrumental?ref=radiode&t302=2025-12-19_14-46-25&uuid=db8ca322-ef5f-4bd7-b348-ff46709611e4	0
Instrumentál	https://instrumental-orchestral-hits.stream.laut.fm/instrumental-orchestral-hits?t302=2020-06-12_16-08-39	0
Instrumental & Orchestral Hits	https://instrumental-journey.stream.laut.fm/instrumental-journey	0
Instrumental &ampamp Orchestral Hits	https://instrumental-orchestral-hits.stream.laut.fm/instrumental-orchestral-hits	0
Instrumental Hits Radio	https://panel.retrolandigital.com/radio/8130/listen	0
Instrumental Hits Radio	http://162.244.81.98:8130/listen	0
Instrumental Hop Radio	https://cheetah.streemlion.com:2670/stream	0
Instrumental Jazz	https://free.rcast.net/231661	0
Instrumental Journey	https://instrumental-journey.stream.laut.fm/instrumental-journey?t302=2025-12-19_14-47-09&uuid=9039ffed-07d6-4063-a913-93e6f79939f8	0
INSTRUMENTAL MUSIC 4 EVER RADIO	https://panel.retrolandigital.com:8130/listen	0
Instrumental radio	https://www.rcnradio.com/instrumental	0
Instrumental Radio	https://strw2.openstream.co/959?aw_0_1st.collectionid%3D4097%26stationId%3D4097%26publisherId%3D983%26k%3D1766155614	0
Instrumentales de Oro Radio	https://media.streamingradiomx.com/listen/instrumentales_de_oro_radio/radio.mp3	0
Instrumentales Radio	https://media.streamingradiomx.com/listen/radiofm/fm	0
Instrumentalhits - Radio Schlagerparadies	https://free.rcast.net/208764	0
Instrumentals Forever	https://quincy.torontocast.com:1925/stream	0
Instrumentals Forever	https://quincy.torontocast.com:1915/stream	0
Instrumentals Forever	https://encrypted-vtbn0.gstatic.com/video?q=tbn:ANd9GcQoRzWZsxtJRBUeX4Jp0V-EnA_RFapKonQHLg	0
Instrumentals Forever	http://quincy.torontocast.com:1910/stream	0
Instrumentals forever (64kbp)	http://quincy.torontocast.com:1920/stream	0
Instrumentals Forever [AAC 64 kbit] - 64 - Belgium - beautiful music - easy listening - instrumental	http://praisedotcom.streamguys1.com/instrumental-64K-backup	0
Instrumentals Forever Radio	https://c30.radioboss.fm/stream/1031	0
Inzone	https://inzone.stream.laut.fm/inzone	0
inzone	http://inzone.stream.laut.fm/inzone	0
Jack Jones	https://2.mystreaming.net/uber/easyjackjones/icecast.audio	0
James Galway	https://2.mystreaming.net/uber/easyjamesgalway/icecast.audio	0
Jazz Lounge	https://fastcast4u.com/player/lch/	0
Jazz Radio - Gospel	https://jazz-wr07.ice.infomaniak.ch/jazz-wr07-64.aac	0
Jazz Radio - New Orleans	https://jazz-wr03.ice.infomaniak.ch/jazz-wr03-64.aac	0
Jazz Radio - Nouveautés Soul	https://jzr-wr19.ice.infomaniak.ch/jzr-wr19-64.aac	0
Jazz Radio - Piano Jazz	https://jzr-piano.ice.infomaniak.ch/jzr-piano.mp3	0
Jazz Radio – Piano Jazz	http://jzr-piano.ice.infomaniak.ch/jzr-piano.aac	0
Jazz Radio - Saxo	https://jzr-saxo.ice.infomaniak.ch/jzr-saxo.mp3	0
Jazz Radio - Saxo Jazz	https://jzr-saxo.ice.infomaniak.ch/jzr-saxo.aac	0
JIB on the Web	https://ais-sa2.cdnstream1.com/2379_128.mp3	0
Kansas Breeze	https://audio-edge-hy4wy.blr.d.radiomast.io/a2dd31a2-a524-48ce-baea-8271e1a37ab2	0
Karadeniz Sesi Fm	https://radyo3.okeylisans.com/8008/stream	0
Karadeniz Sesi Fm radio	https://radyo3.okeylisans.com/karadenizsesifm/stream	0
Kawedeoldies Radio	https://kawedeoldiesradio.stream.laut.fm/kawedeoldiesradio?t302=2025-12-19_14-50-05&uuid=7e3077ae-a22f-4861-8f9f-f0627b32d25c	0
KBRG-DB The Bridge	https://das-edge15-live365-dal02.cdnstream.com/a28997	0
kinderwelle	http://kinderwelle.stream.laut.fm/kinderwelle	0
KJBM Radio	https://das-edge16-live365-dal02.cdnstream.com/a72786	0
Klassik Radio Piano	https://streams.calmradio.com:8628/stream/1/	0
kraftpaket1422am	http://kraftpaket1422am.stream.laut.fm/kraftpaket1422am	0
KTL Oldies-Radio	http://streamplus36.leonex.de:24844/index.html?sid=1	0
kuschellounge	http://kuschellounge.stream.laut.fm/kuschellounge	0
La Classica	http://stream.laclassica.be:8023/stream	0
La Ele FM - XHEL	http://radioforte.com:8008/stream	0
La Estilizada Stereo	http://163.172.77.142:8006/index.html?sid=1	0
La Guajira Hoy Radio	https://radio.laguajirahoy.com/radio/8000/radio.mp3	0
La Radio Cultural	http://radio30.virtualtronics.com:8114/index.html?sid=1	0
La Radio Plus - Shopping	http://plus-wr03.ice.infomaniak.ch/plus-wr03.mp3	0
La Regiontv	http://51.15.160.78:8426/stream	0
La Sweet	https://streaming.radio.co/sdf4651481/listen	0
La Sweet radio	https://ec3.yesstreaming.net:3625/stream	0
Laut.FM Smokespace	http://smokespace.stream.laut.fm/smokespace?t302=2025-12-19_14-46-12&uuid=d4ad11de-2cdd-4faf-ae5e-cc0a8d242c64	0
LEAL Stream	http://163.172.198.16:8366/stream	0
Letras del Tiempo	http://163.172.77.142:8558/listen.pls	0
Liberace Radio	https://2.mystreaming.net/uber/easyliberace/icecast.audio	0
LIGHT CLASSICAL Sampler	http://streams.calmradio.com:21128/stream	0
lighthouse	http://lighthouse.stream.laut.fm/lighthouse?t302=2025-12-19_14-49-05&uuid=d9b184a3-3753-41f9-9046-a82da3f402b4	0
LISZT by Epic Piano	https://0nlineradio.stream13.radiohost.de/piano-liszt?ref=radiode&upd-meta&upd-scheme=https&_art=dD0xNzY2MTU1OTczJmQ9NTZlYjU0MGExMmRhNmZlMWEyNjY	0
Lovely Instrumentals 101.5 FM radio	https://ais-sa2.cdnstream1.com/2459_128.mp3?	0
LUTE Sampler	http://streams.calmradio.com:12728/stream	0
LuxuriaMusic	http://media.luxuriamusic.com/files/streams/Mp3/winamp.pls	0
LuxuriaMusic [AAC]	http://media.luxuriamusic.com/files/streams/Mp3/luxuriamusic_64_acc.pls	0
Lyon Demain	http://listen.radioking.com/radio/93388/stream/131857	0
Matt Johnson Radio	http://us2.internet-radio.com:8046/stream/1/	0
Matt Johnson Radio	http://us2.internet-radio.com:8046/stream	0
MediaAttic Radio	https://das-edge62-live365-dal03.cdnstream.com/a08347?listenerId=Live365-AdBlock%5Cu0026aw_0_1st.playerId%3DLive365%5Cu0026aw_0_1st.skey%3D1655196986990	0
Melodia Stereo	https://c60.letio.com/ShoutcastProxy.ashx?ids=7000	0
memoryhits	http://memoryhits.stream.laut.fm/memoryhits	0
michas schlagerbox	http://michas-schlagerbox.stream.laut.fm/michas-schlagerbox	0
michas-schlagerbox	http://michas-schlagerbox.stream.laut.fm/michas-schlagerbox?t302=2025-12-19_14-48-13&uuid=91c62c5f-355a-4617-88ba-0485b26ed29b	0
Minnesota Public Radio - Classical MPR - KCMF	http://cms.stream.publicradio.org/cms.aac	0
mittelalter net	http://mittelalter-net.stream.laut.fm/mittelalter-net	0
Mittelalter-net	http://mittelalter-net.stream.laut.fm/mittelalter-net?t302=2025-12-19_14-49-04&uuid=bd1c1d9c-12a8-445a-a7a3-15195c82e227	0
Mittradion	http://stream.ueteknik.se:8000/mittradion/	0
MixiFy	https://server.mixify.in:8000/radio.mp3	0
MkkWeb Rádio	https://servidor34-1.brlogic.com:8096/live	0
MODERN PIANO by Epic Piano	https://0nlineradio.stream42.radiohost.de/piano-modern-piano?ref=radiobrowser&upd-meta&upd-scheme=https&_art=dD0xNzY2MTU1ODc2JmQ9MjZkMzBlNmU5YTA1ZjliZWFiYjU	0
Moody Radio - Majesty Radio	http://14123.live.streamtheworld.com/IM_2.mp3	0
Mother Earth Instrumental	https://motherearth.streamserver24.com/listen/motherearth_instrumental/motherearth.instrumental.aac-lo	0
Multicolore Radio	https://listen.radioking.com/radio/29717/stream/65708?	0
Music Lake Radio	http://nap.casthost.net:8626/stream	0
Musik Kultur	https://musikkultur.stream.laut.fm/musikkultur?t302=2025-12-19_14-47-14&uuid=27f9bb34-d433-449b-b259-6fbbd4fc17d1	0
musik-butik	https://musik-butik.stream.laut.fm/musik-butik?ref=radiode&t302=2025-12-19_14-46-28&uuid=7120caa0-cb05-4511-b813-46433b9f44f3	0
MusikShop	https://musikshop.stream.laut.fm/musikshop?t302=2025-12-19_14-47-05&uuid=e1a88f1f-954f-4149-b1fa-4860826fdacb	0
Narrenwut	https://mittelalter-net.stream.laut.fm/mittelalter-net	0
NDR Schlager	https://d111.rndfnk.com/ard/ndr/ndrschlager/live/mp3/128/stream.mp3?aggregator=onlineradiobox-com&cid=01FHT2AV8CV0BJ9C2Y36JE8P0E&sid=39hW41YNQSkE5RffFSQOXqXf2rc&token=hCzrqhwNnfq4o5mt0FOK40audfPi16Vldx3z26sbfoE&tvf=g2xB3-Z1lBhkMTExLnJuZGZuay5jb20	0
NDR Schlager	https://f141.rndfnk.com/ard/ndr/ndrschlager/live/mp3/128/stream.mp3?cid=01FHT2AV8CV0BJ9C2Y36JE8P0E&sid=39hW7Qfx9nA70iWnbE5OIni3Ry8&token=HqGB2pbZG4DhMPzIhsZtseeB0Yk99xtFTOh6rgWQNkE&tvf=g_j29-x1lBhmMTQxLnJuZGZuay5jb20	0
Neue Musik	https://neue-musik.stream.laut.fm/neue-musik?t302=2025-12-19_14-47-26&uuid=ebc6b76e-ea82-41f3-a0c9-494eb004a4d7	0
New Age Notes	https://das-edge11-live365-dal03.cdnstream.com/a55861	0
northernsounds	http://northernsounds.stream.laut.fm/northernsounds	0
Novaprimeira	https://paineldj.com.br:7310/stream	0
NPO 3FM Alternative Listen live	https://icecast.omroep.nl/3fm-alternative-mp3	0
NPR Illinois Classic - WUIS-HD3	http://war.str3am.com:7780/wuis.mp3	0
NTS Radio – 100% Hip-Hop	http://stream-mixtape-geo.ntslive.net/mixtape2	0
NTS Radio – Memory Lane	https://stream-mixtape-geo.ntslive.net/mixtape6	0
Nuestra Marimba Radio	https://azuracastpanel.radiosvirtuales.com/listen/nuestra_marimba/stream	0
oc radio	http://oc-radio.stream.laut.fm/oc-radio	0
Ohneworte	https://ohneworte.stream.laut.fm/ohneworte?ref=radiode&t302=2025-12-19_14-47-52&uuid=ad74175a-b709-458f-bda7-6d242cdeb886	0
Oktoberfest Listen live	https://oktoberfest.stream.laut.fm/oktoberfest?ref=radiode&t302=2025-12-19_14-47-30&uuid=7696a67d-298c-4701-9e99-95979da96dd4	0
oldieradio club	http://oldieradio-club.stream.laut.fm/oldieradio-club	0
OM Radio	http://188.138.251.192:8002/stream	0
OM Radio	http://188.138.251.192:8002/index.html?sid=1	0
OM Radio	https://www.radio.md/stream/omradio	0
Operavore - WQXR	http://opera-stream.wqxr.org/operavore-web	0
Paisano Radio	https://rs2.radiordomi.com/8326/stream	0
PENTAGRAMA LATINOAMERICANO Radio Folk	https://radio.andaina.net/8072/stream	0
Perfect Prescription Radio	https://streaming.brol.tech/rtfmlounge	0
Philly Funk Radio	https://free.rcast.net/63323	0
PIANO COVERHITS by Epic Piano	https://0nlineradio.stream42.radiohost.de/piano-piano-coverhits?ref=radiode&upd-meta&upd-scheme=https&_art=dD0xNzY2MTU1OTczJmQ9NjBlNTBkODhiYWFlZWFmOGI2MTI	0
piano dreams	http://piano-dreams.stream.laut.fm/piano-dreams	0
pilots radio	http://pilots-radio.stream.laut.fm/pilots-radio	0
pilots-radio	http://pilots-radio.stream.laut.fm/pilots-radio?t302=2025-12-19_14-49-06&uuid=d7eba5e5-f227-47dd-a0c4-c232fa19abb4	0
pinta	http://pinta.stream.laut.fm/pinta	0
Popkiste	https://popkiste.stream.laut.fm/popkiste	0
Positively Soothing Instrumental	https://3.mystreaming.net/pr/soothinginstrumental/icecast.audio	0
post rock	http://post-rock.stream.laut.fm/post-rock	0
PowerTürk Akustik	https://listen.powerapp.com.tr/powerturkakustik/abr/playlist.m3u8	0
Preferencial Estereo	http://stream.hdserver.biz:9318/stream/	0
primetime	http://primetime.stream.laut.fm/primetime?t302=2025-12-19_14-48-14&uuid=75ba2283-33e2-4a98-801d-a8364daf5a62	0
PROGMAN	http://progman.stream.laut.fm/progman?t302=2025-12-19_14-46-13&uuid=95bbd86d-e49a-4fb0-992c-dca5dbbb63b5	0
Progman Radio	https://progman.stream.laut.fm/progman?t302=2025-12-19_14-50-19&uuid=be0c3454-2cb8-4578-ad75-8de3f3bf46f2	0
promofabrik radio	http://promofabrik-radio.stream.laut.fm/promofabrik-radio	0
Promofabrik-Radio	http://promofabrik-radio.stream.laut.fm/promofabrik-radio?t302=2025-12-19_14-48-15&uuid=711ef06b-252e-4bf0-a683-4cda78a42898	0
promofabrik-radio	http://driland.stream.laut.fm/driland?t302=2025-12-19_14-49-06&uuid=8e5b68f4-e731-40c4-9236-089ee8e91b52	0
Q2 Music - WQXR-HD2	https://q2stream.wqxr.org/q2-tunein.aac	0
Q2 Music – WQXR-HD2	http://q2stream.wqxr.org/q2-tunein.aac	0
QWE.Fm	https://qwefm.out.airtime.pro/qwefm_a	0
Raadio Relax FM	https://edge05.cdn.bitflip.ee:8888/relax?_i=34be8c84	0
rabenwind	http://rabenwind.stream.laut.fm/rabenwind	0
radio 100,7	https://100komma7.stream11.radiohost.de/100komma7-100komma7_mp3-128?agend=true&upd-meta&upd-scheme=https&ref=mp3&amsparams=mp3&_art=dD0xNzY2MTU1OTY3JmQ9OGYyNTYwMzA0YjBmNjhiMjc1ZWM	0
Radio 31 Charts	http://charts.stream.laut.fm/charts?t302=2018-03-11_09-44-21\u0026uuid=2f21a568-84d6-459f-ac15-16ed46f1350e	0
Radio Abiding Seasonal	http://streams.abidingradio.org:7830/1	0
radio adenau	http://radio-adenau.stream.laut.fm/radio-adenau	0
Radio Ambiente radio	https://radiodorada.stream.laut.fm/radio_dorada?t302=2025-12-19_14-49-30&uuid=0a251d7a-6c57-4186-8360-43ac696253b8	0
Radio Amparo 2	https://servidor23.brlogic.com:7470/live?identifier=radionetapp\u0026ampsource=2646	0
RADIO ANJO DE LU	https://servidor26.brlogic.com:8196/live	0
Radio Aripi Spre Cer - Instrumental	https://instrumental.aac.aripisprecer.ro/radio.mp3/	0
Radio Aripi Spre Cer – Instrumental	http://aripisprecer.ro:8131/radio.mp3/	0
Radio Asharq with Bloomberg / راديو الشرق مع بلومبرغ	https://l3.itworkscdn.net/asharqradioalive/asharqradioa/icecast.audio	0
Radio Baladas Viejitas Romànticas	https://media.streamingradiomx.com/listen/radio_baladas_viejitas_romànticas/radio.mp3	0
Radio Brasil Espirita Canal 2	https://ssl.xcast.com.br:8840/stream?1725437469509	0
Rádio Brasil Espírita Canal 2	https://stm2.xcast.com.br:11716/stream	0
Rádio Brasil Espírita Canal 2	https://ssl.xcast.com.br:8840/stream?1673944473187	0
Rádio Brasil Espírita Canal 2	https://player.xcast.com.br/proxy/11716	0
Radio Brassens radio	https://www.zestream.eu:8010/radiobrassens.mp3	0
Rádio Brazilian Birds	http://strm112.1.fm/brazilianbirds_mobile_mp3	0
Rádio Brazilian Birds	https://strm112.1.fm/brazilianbirds_mobile_mp3	0
Radio Cafe	https://cafe.volna.top/Cafe	0
Radio Caprice - Acoustic Blues	http://79.111.14.76:8000/acousticblues	0
Radio Caprice - Acoustic Guitar	http://79.120.39.202:8002/acousticguitar	0
Radio Caprice - Classical Guitar	http://213.141.131.10:8002/classguitar	0
Radio Caprice - Classical Symphonic Music	http://79.120.77.11:8002/classical	0
Radio Caprice - Drum amp Bass	http://79.111.14.76:8002/drumbass	0
Radio Caprice - Drum n Bass	http://79.111.14.76:8000/drumbass	0
Radio Caprice - Flute	http://79.111.14.76:8000/flute	0
Radio Caprice - Guitar Jazz	http://79.120.77.11:8002/guitarjazz	0
Radio Caprice - Harmonica Blues	http://79.120.39.202:8000/harpblues	0
Radio Caprice - Harp - 320 - The Russian Federation - classical - harp - instrumental	http://79.111.119.111:8002/instrumentalmetal	0
Radio Caprice - Instrumental Metal	http://79.111.119.111:8000/instrumentalmetal	0
Radio Caprice - Instrumental Music	http://79.120.77.11:8000/instrumental	0
Radio Caprice - Instrumental Music - 48 - The Russian Federation - instrumental	http://79.120.77.11:8002/instrumental	0
Radio Caprice - Instrumental Rock - 48 - The Russian Federation - guitar rock - instrumental - instrumental rock - rock	http://79.120.39.202:8002/instrumentalrock	0
Radio Caprice - Piano	http://79.120.77.11:8000/piano	0
Radio Caprice - Piano Jazz/Stride/Ragtime	http://79.111.119.111:8000/pianojazz	0
Radio Caprice - Saxophone	http://79.120.77.11:8002/saxophone	0
Radio Caprice - Violin	http://213.141.131.10:8002/violin	0
Radio Chrzescijanin - Muzyka Instrumentalna	http://s1.slotex.pl:7172/index.html?sid=1	0
Radio Chrzescijanin - Muzyka instrumentalna	https://s1.slotex.pl:7172/stream	0
Radio Chrześcijanin - Muzyka instrumentalna	http://s1.slotex.pl:7172/stream/1/	0
Radio Clandestina Listen live	https://radio.tvstream.cl/8040/server	0
Radio Clase	https://azuracastpanel.radiosvirtuales.com/listen/radio_clase/stream	0
Radio Clube De Monsanto	https://s9.yesstreaming.net:9029/stream	0
Radio Crestin Aripi Spre Cer Instrumental	http://aripisprecer.ro:8135/stream	0
Radio Crestin Aripi Spre Cer Instrumental	http://aripisprecer.ro:8135/;	0
Radio de Galeno	https://radiostream2.interven.ca/listen/radiodegaleno/radio.mp3	0
Radio Drachenherz	https://drachenherz.stream.laut.fm/drachenherz?t302=2025-12-19_14-50-15&uuid=f46c25d8-44f2-4b78-bdb6-fd987c32cd3c	0
Radio El Mundo	https://sonicpanel.us/8028/stream	0
Radio Espérance	https://esperance.streamakaci.com/esperance.mp3	0
RADIO FAUSTEX INSTRUMENTAL radio	https://fps4.listen2myradio.com:2199/listen.php?ip=109.169.23.123\u0026port=9781\u0026type=s1	0
Radio Folclor	https://ssl.omegahost.ro/8092/stream	0
Radio Folclor Moldovenesc (Cernăuți)	https://ssl.radios.show/8144/stream	0
Radio Folclor Moldovenesc (Cernăuți)	https://ssl.radios.show/8042/	0
Radio Gladys Palmera radio	https://streamer.radio.co/sb28a7fb81/listen	0
Radio Gold Instrumental	https://centova.svdns.com.br:19373/stream.nsv	0
RADIO GOLD INSTRUMENTAL	https://centova.svdns.com.br:19373/stream2	0
Radio Hemingway	http://sr11.inmystream.it:8112/stream/	0
Radio Herzklang	https://herzklang.spcast.eu/stream?time=1766155585	0
Radio Industrie	https://jam-on.ice.infomaniak.ch/jam-on-128.mp3	0
Radio Instrumental	https://stream2.rcast.net/68389	0
Rádio Jovem Guarda	http://server02.srvsh.com.br:6966/index.html	0
Radio Joystick radio	https://joy.stream.laut.fm/joy	0
Radio Kansas	http://audio-edge-w4d68.yul.o.radiomast.io/5567306a-66f6-4d8f-a399-520e2936e3a0	0
Radio Kontakt Plus	https://radio.dukahosting.com:7005/;*.mp3	0
Radio Kontakt Plus	https://radio.dukahosting.com:7005/%2A.mp3	0
Radio Kontakt Plus radio	https://radio.dukahosting.com:7005/*.mp3	0
Radio Le Reste	http://s2.radio.co/s627d69bdc/listen	0
Radio León radio	https://stream.openstream.fm/stream/93j5ddrc	0
Rádio Louvor	https://stm2.radionline.top:7096/stream	0
Radio Mælkebøtten	https://painel.sintonizar.tv.br/stream/radiomiltons?1730190704172	0
Radio Mælkebøtten radio	http://live2.rcast.net:8722/stream	0
Rádio Máquina Instrumental	https://servidor29-2.brlogic.com:8578/live	0
Radio Mil Tons radio	https://painel.sintonizar.tv.br/stream/radiomiltons	0
Radio Mistureba Online	https://paineldj.com.br:20057/stream	0
Rádio Mistureba OnLine	https://5a57bda70564a.streamlock.net/sc_mistu/sc_mistu.stream/playlist.m3u8	0
Radio Noise Chillout	https://chilloutlive.radionoise.ro:9040/index.html?sid=1	0
Radio Noordvaarder Angel Healing	http://www1.radionoordvaarder.nl:8000/index.html?sid=1	0
Radio Northern Star  The Ferry	http://6471.cloudrad.io:8178/theferry.mp3	0
Radio Nova - Nuit	https://nova-ln.ice.infomaniak.ch/nova-ln-128	0
Radio Online Llanura Stereo	https://streaming.cristiweb.com/8068/stream	0
Rádio Orbital Light FM Stereo	https://ssl.xcast.com.br:7690/index.html?sid=1	0
Rádio Orbital Light FM Stereo radio	https://stm27.xcast.com.br:7690/stream	0
Radio Orenu	https://listen7.myradio24.com/orenu	0
Rádió Orient	https://n11.rcs.revma.com/7hnrkawf4p8uv.mp3?rj-ttl=5&rj-tok=AAABnGC4QDAAqze6y8vSvHPe4Q	0
Radio Passos Para Deus	https://s22.maxcast.com.br:8308/live	0
Rádio Plus Brasil	https://stm22.painelcast.com:6814/stream	0
Radio Rabenwind	https://rabenwind.stream.laut.fm/rabenwind?t302=2025-12-19_14-50-19&uuid=f83bb8bd-0a02-4631-9ab2-53011b569a55	0
Radio Readymix - De beste Geheime zender muziek, Polka's en Piratenhits	https://server-26.stream-server.nl:8522/stream	0
RÁDIO REGIONAL NET	https://servidor26.brlogic.com:8280/live	0
Radio Relax Instrumental	https://radio1.dixi.md/listen/relax_instrumental/relaxinstrumental128.aac	0
Rádio Scalla - Música Brasileira	https://s01.svrdedicado.org:6782/stream/2/	0
Rádio Scalla Instrumental	https://s01.svrdedicado.org:6782/stream	0
Radio Schwany - Blasmusik	https://blasmusik.spcast.eu/stream?time=1766155687	0
Radio Schwany - Instrumental Volksmusik	https://instrumental-volksmusik.spcast.eu/stream?time=1766155698	0
Radio SCOOP – 100% Ciné	https://scoopmusiquesdefilms.ice.infomaniak.ch/radioscoop-musiquesdefilms-128.mp3	0
Radio Sembrando Conciencia	https://ia801200.us.archive.org/14/items/20160811InformativoAMARCNro0061/2016-08-11- Informativo AMARC Nro0061.mp3	0
Radio Smooth Jazz Instrumental radio	http://euroticast5.euroti.com.br:8004/index.html?sid=1	0
RADIO STREAM 37	http://s28.myradiostream.com:23774/listen.mp3/stream/1	0
Radio Stream 37	https://s28.myradiostream.com:23774/listen.mp3?nocache=1766155615	0
Radio Surf Rock	https://das-edge17-live365-dal02.cdnstream.com/a06592	0
Radio Sydney	https://free.rcast.net/259663	0
Radio UCASAL	http://radios.solumedia.com:6352/stream	0
Radio Ucasal Instrumental	https://18093.live.streamtheworld.com/SP_R3051188_SC?dist=onlineradiobox	0
Radio Ucasal Instrumental	https://17653.live.streamtheworld.com/SP_R3051188_SC	0
Radio Urantia Brasil	https://s05.maxcast.com.br:8224/live	0
Rádio Vida Espírita	https://stm7.painelvox.com:8236/stream	0
Radio Villalba	https://srv7041.dns-lcinternet.com/8042/stream	0
RÁDIO VIOLA VIVA REGIONAL	https://centova.euroti.com.br:20050/stream	0
Radio Vlaanderen Nationaal	https://listen.radionomy.com/vlaanderen-nationaal.m3u	0
Radio Weleer	https://free.rcast.net/66401	0
radio_relax Listen live	https://radiorelax.stream.laut.fm/radio_relax?ref=radiode&t302=2025-12-19_14-47-32&uuid=c7c76f23-d07a-4fde-b8bc-9fab8a9a4f53	0
radio-adenau	http://radio-adenau.stream.laut.fm/radio-adenau?t302=2025-12-19_14-49-07&uuid=5dc2abf0-0475-4017-9cf8-4c555a8abc59	0
radioamici	http://radioamici.stream.laut.fm/radioamici	0
RadioArt - Instrumental	https://free.rcast.net/234516	0
RadioArt: Jazz Piano	https://ais-sa2.cdnstream1.com/2188_64.aac	0
Radio-Classique Québec - CJSQ-FM	https://listen.radioking.com/radio/256885/stream/301510	0
RadioLab	https://waaa.wnyc.org/radiolab_podcast/radiolab_podcast081823_wubieffect.mp3/radiolab_podcast081823_wubieffect.mp3_ywr3ahjkcgo_89d8235a6aed99956ff1d8c2375b1493_56405355.mp3?x-ais-classified=streaming&hash_redirect=1&x-total-bytes=56405355&listeningSessionID=0CD_382_45__fb560a97d069526fd3a69ee4855205c2ad05bd97	0
Radiolla - Ilma	http://77.120.102.77/ilma.128k.mp3	0
radiomediterraneo	http://radiomediterraneo.stream.laut.fm/radiomediterraneo	0
radiomoordorf	http://radiomoordorf.stream.laut.fm/radiomoordorf	0
RadioNos Chiptune Channel	https://nos.radio.br/stream/15/	0
RadioNos Experimental Channel	https://nos.radio.br/stream/9/	0
RadioNos Lounge Channel	https://nos.radio.br/stream/13/	0
RadioNos Modern Classical Channel	https://nos.radio.br/stream/5/	0
RadioPhile.ca	https://radiophile.ice.infomaniak.ch/radiophile-192.mp3	0
Rádios Gold - Gold Instrumental	http://199.233.234.34:25373/stream/	0
Rádios Gold – Gold Instrumental	http://wz3.dnip.com.br/sulnethd/sulnethd.stream/playlist.m3u8	0
RadioSatellite	https://rocket.streamradio.fr:8076/stream	0
radio-schlagerrevue	http://radio-schlagerrevue.stream.laut.fm/radio-schlagerrevue?t302=2025-12-19_14-49-06&uuid=7c50e284-6f98-477a-aadf-1ec6d3b61c2b	0
Radiosol	https://stm9.xcast.com.br:10852/index.html?sid=1	0
Radiosol	http://live.radiosol.se:8000/;stream.mp3	0
Radiosul Net	http://paineldj.com.br:8820/stream/	0
RadioVino	https://listen.radioking.com/radio/40700/stream/77213?	0
RadioWRS	https://listen.radioking.com/radio/13565/stream/25907?	0
Rapososweb	https://s1.bycast.com.br:8176/live	0
RauteMusik - Solo Piano Listen live	https://rautemusik.stream17.radiohost.de/solopiano?upd-meta&upd-scheme=https&_art=dD0xNzY2MTU1OTU3JmQ9MzE1NDYwZWEwZGYzOTMyY2JiN2E	0
RauteMusik – SoloPiano	http://rautemusik.stream17.radiohost.de/solopiano?upd-meta&upd-scheme=http&_art=dD0xNzY2MTU2MDIxJmQ9ZDQ0YWMzOGJmNmEyY2U0OTQ1MGY	0
RauteMusik SOLO PIANO	https://rautemusik.stream17.radiohost.de/solopiano?ref=onlineradiobox&upd-meta&upd-scheme=https&_art=dD0xNzY2MTU1OTIyJmQ9ZTEyZDVkMTVlN2IwMjIxYmZjYTk	0
RauteMusik SOLO PIANO Radio	https://rautemusik.stream43.radiohost.de/solopiano?upd-meta&upd-scheme=https&_art=dD0xNzY2MTU2MTIxJmQ9Y2Q2MmIzYWM3NmNhZDc3ZTM0NDg	0
RauteMusik SOLOPIANO	https://rautemusik.stream39.radiohost.de/solopiano?ref=appradiofm&upd-meta&upd-scheme=https&_art=dD0xNzY2MTU2MDQ4JmQ9YjhiNWNmM2JlOWE5NzJhNWVmOTk	0
Red River Radio HD2 - KDAQ-HD2	http://22203.live.streamtheworld.com/KDAQHD2	0
Reformatorische Omroep - Radio 3	https://radio3.reformatorischeomroep.nl/live.m3u	0
Relax Cafe	https://edge05.cdn.bitflip.ee:8888/cafe?_i=34be8c84	0
Relax FM Instrumental Radio	https://pub0202.101.ru:8443/stream/pro/aac/64/28	0
Relax FM Музыка для вдохновения Radio	https://pub0302.101.ru:8000/stream/trust/mp3/128/471	0
Relax Instrumental	https://edge05.cdn.bitflip.ee:8888/instrumental?_i=34be8c84	0
RELAX RADIO (MB RECASTER)	https://stream3.xdevel.com/audio8s975388-108/stream/icecast.audio	0
Rettet deutschen Hiphop	http://rettetdeutschenhiphop.stream.laut.fm/rettetdeutschenhiphop?t302=2025-12-19_14-48-14&uuid=8d6c0a51-667c-4021-b614-ae29ef9e893f	0
Rettet Deutschen Hiphop Radio	https://rettetdeutschenhiphop.stream.laut.fm/rettetdeutschenhiphop?t302=2025-12-19_14-50-24&uuid=59830c47-8105-4cdc-9001-8cc5b5a933a0	0
rettetdeutschenhiphop	http://rettetdeutschenhiphop.stream.laut.fm/rettetdeutschenhiphop	0
reutershagen	https://reutershagen.stream.laut.fm/reutershagen?ref=radiode&t302=2025-12-19_14-46-26&uuid=08f95929-bb21-4705-88be-6bcbbb4a3734	0
RMF ON – RMF Chopin	http://195.150.20.242:8000/rmf_chopin	0
RMF ON – RMF Muzyka filmowa	http://195.150.20.242:8000/rmf_muzyka_filmowa	0
RMF ON – RMF Szanty	http://195.150.20.5:8000/rmf_szanty	0
ROMANTIC PIANO by Epic Piano	https://0nlineradio.stream42.radiohost.de/piano-romantic-piano?ref=radiobrowser&upd-meta&upd-scheme=https&_art=dD0xNzY2MTU1ODc1JmQ9MzliMjU2NmQwNDUxYTZkMWQ0YmM	0
Royal Drum	http://193.33.170.218:8000/RoyalDrum	0
RT1 COFFEE	https://edge63.streamonkey.net/rt1-ch28/stream/mp3?aggregator=radio.de&aw_0_1st.playerid=radio.de	0
ruhrtal fm	http://ruhrtal-fm.stream.laut.fm/ruhrtal-fm	0
ruhrtal-fm	http://ruhrtal-fm.stream.laut.fm/ruhrtal-fm?t302=2025-12-19_14-48-14&uuid=74c8a33c-5dc7-46d2-a792-a823f4e836a1	0
rwb	http://rwb.stream.laut.fm/rwb	0
SaFJEM beats channel Radio	https://listen3.myradio24.com/beats	0
Saloniker Web Radio	http://saloniker-web-radio.stream.laut.fm/saloniker-web-radio?t302=2025-12-19_14-46-16&uuid=8d0fd76a-6f65-4e44-b228-caf378f610f5	0
SATzentrale Nature	https://satzentrale-nature.stream.laut.fm/satzentrale-nature?t302=2025-12-19_14-47-10&uuid=99d372c7-1b8c-4234-8915-d88c49235a04	0
SBTST	http://sbtst.stream.laut.fm/sbtst?t302=2025-12-19_14-48-15&uuid=45e0c530-d586-4acc-b8a1-39a729adda41	0
SBTST radio	https://sbtst.stream.laut.fm/sbtst	0
schlager nonstop	http://schlager-nonstop.stream.laut.fm/schlager-nonstop	0
Schwany Instrumental	https://instrumental-volksmusik.spcast.eu/stream?time=1766155587	0
Schwany Radio 11 - Instrumental	https://instrumental-volksmusik.spcast.eu/stream	0
Schwany Radio 11 - Instrumental	https://instrumental-volksmusik.spcast.eu/stream?time=1766155614	0
Schwany Radio 4 - Blasmusik	https://blasmusik.spcast.eu/stream?time=1766155614	0
Schwany Radio 4 - Blasmusik	https://blasmusik.spcast.eu/stream	0
Share Radio	https://radioplayer.shareradio.co.uk/	0
silverway	http://silverway.stream.laut.fm/silverway	0
smokespace	http://smokespace.stream.laut.fm/smokespace	0
smooth jazz	http://smooth-jazz.stream.laut.fm/smooth-jazz	0
Smooth Jazz 247	https://jking.cdnstream1.com/b75154_128mp3	0
Smooth Jazz Mix New York	http://das-edge62-live365-dal03.cdnstream.com/a49349	0
Sochi Lounge Neon	https://listen1.myradio24.com/5790	0
SOLO GUITAR Sampler	http://streams.calmradio.com:2628/stream	0
SOLO PIANO by Epic Piano	https://0nlineradio.stream42.radiohost.de/piano-solo-piano?ref=radiobrowser&upd-meta&upd-scheme=https&_art=dD0xNzY2MTU1ODc2JmQ9NzdhYmQwODU0MzY0Nzk2NjU3OWI	0
Solopiano by rautemusik	https://rautemusik.stream25.radiohost.de/solopiano?ref=radiode&upd-meta&upd-scheme=https&_art=dD0xNzY2MTU1OTY3JmQ9NWY5ODc5MWIyZDljZWJjMjIxZjA	0
SOLOPIANO by rautemusik (rm.fm)	https://rautemusik.stream17.radiohost.de/solopiano?ref=radiobrowser&upd-meta&upd-scheme=https&_art=dD0xNzY2MTU1ODc3JmQ9MGViN2NlYTg2MzlhMzc0MmJkMGM	0
SONATAS Sampler	http://streams.calmradio.com:21828/stream	0
SongRadio	https://songradio.stream.laut.fm/songradio?t302=2025-12-19_14-50-19&uuid=c6477972-0a01-4818-a73f-2ef07fc5ce35	0
Sonora stereo radio	https://radiolatina.info/8126/stream	0
Sorcerer Radio - Atmospheres by Sorcerer Radio	http://19003.live.streamtheworld.com/SP_R2670862.mp3	0
Sorcerer Radio - Disney Music by Sorcerer Radio	https://26343.live.streamtheworld.com/SAM05AAC015.mp3	0
Sorcerer Radio - Spa Day by Sorcerer Radio	http://17653.live.streamtheworld.com/SP_R3956254.mp3	0
Sorte Music radio	https://server18.srvsh.com.br:7006/stream	0
soulful	http://soulful.stream.laut.fm/soulful	0
Spacesynth radio	https://listen2.myradio24.com/1987	0
SPLASH Coffee	https://ais-sa2.cdnstream1.com/2345_128.mp3	0
spookjeradio	http://spookjeradio.stream.laut.fm/spookjeradio	0
stefanhades	http://stefanhades.stream.laut.fm/stefanhades	0
stone prog	http://stone-prog.stream.laut.fm/stone-prog	0
STR - Space Travel Radio	http://spacetravelradio.de:1701/stream/2/	0
Stuart Bedasso Radio	http://das-edge62-live365-dal03.cdnstream.com/a90366	0
studio schonach	http://studio-schonach.stream.laut.fm/studio-schonach	0
Studio Web Radio	https://stma1.svrstream.com.br:8004/stream;	0
sturmwellensender retro	http://sturmwellensender-retro.stream.laut.fm/sturmwellensender-retro	0
Sunflower Promotion Volksmusik &amp; Austropop Radio	https://volksmusik.stream.laut.fm/volksmusik	0
Sunradio - Best international Music	https://www.sunradio.ch/livestream.m3u	0
Super Relax FM	https://das-edge62-live365-dal03.cdnstream.com/a08347?listenerId=Live365-AdBlocku0026aw_0_1st.playerId%3DLive365u0026aw_0_1st.skey%3D1655196986990	0
SuperStereo 6 Radio	https://icecast.centaury.cl:7610/SSDEMO	0
Surf Rock Radio	https://radio.dripfeed.net/radio/8020/radio.mp3	0
Surf Rock Radio	https://surf.stream.laut.fm/surf	0
Sweetest Sound in Town Radio - WJJJ	http://shout2.brnstream.com:8034/stream	0
Sweetest Sound in Town Radio – WJJJ	http://0nlineradio.stream42.radiohost.de/0r-trending-charts?ref=tiny&path=addrad.io%2F4WRLM-&upd-meta&upd-scheme=http&_art=dD0xNzY2MTU2MDI1JmQ9Zjc2NTEzMDJlNWFjMjU5OTJmZDQ	0
swii	http://swii.stream.laut.fm/swii?t302=2025-12-19_14-49-07&uuid=94018739-17ab-4044-b275-e28b84fcb116	0
SWR4 Baden-Württemberg	https://f121.rndfnk.com/ard/swr/swr4/bw/aac/96/stream.aac?aggregator=streema-com&cid=01FC1X86VT36Q01G4NBJ3Q4R1Z&sid=39hW5GboKWzjMEkfqLQFVSeqNBG&token=i7ZkFNyLyqHIfteRoKV-UkawulCMfPmZWiiXla3te38&tvf=gZVvBel1lBhmMTIxLnJuZGZuay5jb20	0
SYMPHONY Sampler	http://streams.calmradio.com:1028/stream	0
The Fashion Place - LS Retail - Retail Music International	https://free.rcast.net/9511	0
The Kansas Breeze	https://audio-edge-2a8hd.sfo.he.radiomast.io/a2dd31a2-a524-48ce-baea-8271e1a37ab2	0
The Oasis	https://jenny.torontocast.com:2000/stream/the-oasis/	0
The Oasis - Modern Easy Listening	https://jenny.torontocast.com:2000/stream/the-oasis	0
The Oasis – Modern Easy Listening	https://cheetah.streemlion.com:1320/stream/	0
The Smooth Guitar Place	https://login.webinternetradio.com/radioguitarone	0
The Source:Smooth Jazz Radio - KJAC.DB	http://149.56.183.178:8020/stream	0
Total instrumental	http://total-instrumental.stream.laut.fm/total-instrumental?t302=2025-12-19_14-46-18&uuid=c493cff1-891c-4303-b808-85dc2861ffa7	0
Total Instrumental	https://total-instrumental.stream.laut.fm/total-instrumental?t302=2025-12-19_14-48-04&uuid=0870deec-4700-4350-b2c9-004de3a2833a	0
Total instrumental radio	https://total-instrumental.stream.laut.fm/total-instrumental	0
total-instrumental	https://total-instrumental.stream.laut.fm/total-instrumental?ref=radiode&t302=2025-12-19_14-46-27&uuid=9464153e-3763-499b-8da5-3a577e58761e	0
Total-Instrumental	http://total-instrumental.stream.laut.fm/total-instrumental?t302=2017-12-26_08-17-27\u0026uuid=40fa8593-96cd-4494-8f8d-845f3356b4ca	0
Tropicalisima.fm – Instrumental	http://178.33.135.244:2802/stream/	0
TSCHAIKOWSKI by Epic Piano	https://0nlineradio.stream13.radiohost.de/piano-tschaikowski?ref=radiobrowser&upd-meta&upd-scheme=https&_art=dD0xNzY2MTU1ODc5JmQ9OTAwM2NmODNmZGUyMmE1ZDk0ODY	0
Twin Cities Smooth Jazz	http://www.streamcontrol.net:13060/stream/	0
Unisarc Estéreo radio	https://stream5.305stream.com/6208/stream	0
Unspecified name	https://free.rcast.net/209263	0
untergrundgold	http://untergrundgold.stream.laut.fm/untergrundgold	0
V V Radio	http://music2.vvradio.co.in:2802/stream	0
Vianey y Hellen Radio	http://fpstream.usuarios.space:8007/live	0
Vibe da Planet	http://fusion.shoutca.st:8345/stream	0
Vida Nueva	http://stream2.305stream.com:8006/index.html?sid=1	0
Vida Nueva Radio	https://stream2.305stream.com/proxy/client004?mp=/stream	0
Vida Nueva Radio	https://stream2.305stream.com/proxy/client004?mp=%2Fstream	0
Vip-Radios.FM - Yoga Chill	https://free.rcast.net/205403	0
VOWR 800 St. John's, NL	https://provisioning.streamtheworld.com/pls/VOWRAMAAC.pls	0
wastewatermusic	https://wastewatermusic.stream.laut.fm/wastewatermusic?t302=2025-12-19_14-48-04&uuid=65c59d4d-2e77-4745-9e36-90b92ac9f555	0
Wbe Recorder Statoin	https://wberecorder-station.stream.laut.fm/wbe_recorder-station?ref=web-app&start_time=1652957281511&t302=2022-05-19_12-48-02&uuid=96216289-2acb-4e49-b52b-d2024636380c	0
Wbe Recorder Statoin radio	https://wberecorder-station.stream.laut.fm/wbe_recorder-station?t302=2025-12-19_14-49-37&uuid=66ab7bd4-c191-49ac-b7c5-3183bd13287f	0
wbe_recorder-station	https://wberecorder-station.stream.laut.fm/wbe_recorder-station?ref=radiode&t302=2025-12-19_14-46-28&uuid=9f533ac2-fa0a-4f5d-b606-e0fd68593292	0
We R 1 Radio	http://usa19.fastcast4u.com:2240/index.html?sid=1	0
Web Rádio CasIlêOca	https://servidor21-3.brlogic.com:8968/live	0
Web Rádio Tereré News	https://player.voxhd.com.br/proxy/7314	0
WebRadioPlus Listen live	https://listen.radioking.com/radio/197572/stream/240085	0
WEL 105.5	https://wel105point5.stream.laut.fm/wel105point5?t302=2025-12-19_14-47-06&type=.mp3&uuid=9abcc252-dd7f-41ed-a2dd-8e97cb9d404a	0
wel105point5	http://wel105point5.stream.laut.fm/wel105point5?t302=2025-12-19_14-49-05&uuid=88de81a1-5b43-4de9-b436-e70d146b2f9b	0
Welle 1	https://welle1.stream.laut.fm/welle1?ref=web-app&t302=2019-06-28_09-00-07&uuid=d8546ae1-155d-4cc0-ae02-1e280d14942a	0
Welle 1	https://welle1.stream.laut.fm/welle1?t302=2025-12-19_14-47-24&uuid=51aa81d7-8115-48c6-a9b1-acb5d65c253b	0
welle nord	http://welle-nord.stream.laut.fm/welle-nord	0
Welle Nord Radio	https://welle-nord.stream.laut.fm/welle-nord?t302=2025-12-19_14-50-24&uuid=6d1e7fa0-7a10-47a2-8fd0-d7ddf2fd5428	0
welle-nord	http://welle-nord.stream.laut.fm/welle-nord?t302=2025-12-19_14-49-06&uuid=191ac7ff-4a59-4ebc-902b-080b2f0a1788	0
WeR1Radio	https://usa19.fastcast4u.com/wer1radio	0
West Coast Cavaliers Radio	http://65.108.124.70:8308/stream	0
Whisperings Solo Piano Radio	http://pianosolo.streamguys.net/live	0
WMRG Oldies	https://free.rcast.net/206604	0
Word of Truth Radio – Relaxing & Peaceful Hymns	http://144.217.158.59:5120/stream/	0
World Radio Switzerland Listen live	https://streamingr.broadcastradio.com:10295/wrs	0
WPMR-DB Philly Funk Radio	https://free.rcast.net/11300	0
WSJF Smooth Jazz Florida	http://144.217.158.59:5120/stream	0
WSUP	https://das-edge12-live365-dal02.cdnstream.com/a10826	0
WTQT-106.1 LpFM	https://stream1.rcast.net/67143	0
Xiberoko Botza	https://hosting.studioradiomedia.fr:2975/stream	0
Yimago 7 : Classic Composers Radio	https://strw3.openstream.co/868?aw_0_1st.collectionid%3D3662%26stationId%3D3662%26publisherId%3D892%26k%3D1711960500	0
Yimago 7 : Classic Composers Radio	https://strw3.openstream.co/868?aw_0_1st.collectionid%3D3662%26stationId%3D3662%26publisherId%3D892%26k%3D1766155678	0
Yimago Classical (Classic Composers Radio)	https://strw3.openstream.co/868?aw_0_1st.collectionid%3D3662%26stationId%3D3662%26publisherId%3D892%26k%3D1766155624	0
Yimago Radio - Classic Composers Radio	http://strw3.openstream.co/868?aw_0_1st.collectionid%3D3662%26stationId%3D3662%26publisherId%3D892%26k%3D1766155682	0
Yimago Radio - The New Age Channel	http://strw3.openstream.co/870?aw_0_1st.collectionid%3D3664%26stationId%3D3664%26publisherId%3D894%26k%3D1766155679	0
YLE Klassinen	https://yleradiolive.akamaized.net/hls/live/2027676/in-YleKlassinen/master.m3u8	0
YLE Radio 1	https://yleradiolive.akamaized.net/hls/live/2027672/in-YleRadio1/256/variant.m3u8	0
Zamanalwasl Radio	https://zamanalwaslradio.out.airtime.pro/zamanalwaslradio_b	0
ZBLUES	http://das-edge11-live365-dal03.cdnstream.com/a88387	0
ZER Radio (Ciudad de México) - 1320 AM - XEARZ-AM - Grupo Radiofónico ZER - Ciudad de México	https://cast.zuperdns.net/8032/stream	0
ZER Radio (Ciudad de México) - 1650 AM - XEARZ-AM - Grupo Radiofónico ZER - Ciudad de México	https://live.zuperdns.net/1650/stream/	0
Zim NET radio	https://zimnetradio.net/mainstream/radio.mp3	0
zim NET radio Gospel Channel	https://zimnetradio.com/	0
Zolderpiraten	http://server-24.stream-server.nl:8410/stream/1/	0
Zolderpiraten Listen live	https://server-24.stream-server.nl:18410/server	0
Бард-Радио	http://79.120.77.11:8002/instrumentalhiphop	0
Вечная Молодость - Vechnaya Molodost	https://misato.ru-hoster.com:8037/stream	0
КомпромиС ФМ	https://listen5.myradio24.com/kfm	0
Музыка Без Слов - Радио Монте Карло Listen live	https://mc-muzykabezslov.hostingradio.ru/muzykabezslov96.aacp	0
Популярная Классика FM	https://icecast-radioclassica.cdnvideo.ru/radioclassica	0
Радио Romantika. Piano Covers	https://pub0101.101.ru/stream/pro/aac/64/375	0
Радио Контур	http://misato.ru-hoster.com:8029/stream	0
Радио НЕСТАНДАРТ (Radio Nestandart)	https://listen.radionestandart.ru:8200/128.mp3	0
Радио Рекорд Симфония FM (Radio Record Symphony FM)	https://radiorecord.hostingradio.ru/symph96.aacp	0
Радіо Канал Благодаті	http://noasrv.caster.fm:10001/live	0
Русское Радио - Детский Канал Listen live	https://rr-detskijkanal.hostingradio.ru/detskijkanal96.aacp?0.6702298618041798	0
Світле радіо &amp#34Еммануїл&amp#34	https://online.svitle.org/hls/svitle/aac_hifi.m3u8	0
Соня - Русское Радио	https://rr-sonya.hostingradio.ru/sonya96.aacp	0
佳音經典音樂網	http://stream.ginnet.cloud/live0119lo-p4rb/_definst_/classic/playlist.m3u8	0
天籁之音 - Hi-Fi Radio	http://play-radio-stream3.hndt.com/now/JxkyN5mR/chunklist.m3u8	0
心灵音乐馆	http://play-radio-stream3.hndt.com/now/AFqvb0VX/chunklist.m3u8	0
河南网络广播国乐悠扬	https://live.xmcdn.com/live/2291/64.m3u8	0
