1 Pure Alternative Radio	https://kathy.torontocast.com:2475/stream	0
1000 60er	http://100060er.stream.laut.fm/100060er?t302=2022-01-31_13-59-40&ampuuid=9b3ab764-f66f-4c64-877b-b85cb0a5dd09	0
1000 Melodien	https://1000melodien.stream.laut.fm/1000melodien?t302=2025-12-18_14-08-15&uuid=83e8c881-a127-42fe-ab60-49c21e9c29e2	0
101 SMOOTH JAZZ	http://101smoothjazz.cdnstream1.com/b22139_128mp3	0
126 The Genesis	https://s5.radio.co/s1089dc418/listen	0
24/7 Classical Radio	http://ec3.yesstreaming.net:3610/stream	0
242 RADIO	http://uk7.internet-radio.com:8168/index.html?sid=1	0
4Lobos Pop &amp Oldies Radio	https://puma.streemlion.com:4315/stream	0
5IK BEATS Radio - EDM's Hit Music Station	http://das-edge14-live365-dal02.cdnstream.com/a74720	0
Abiding Radio Instrumental	http://streams.abidingradio.org:7800/2	0
Absolute Mix Radio	http://ais-sa5.cdnstream1.com/b86392_128mp3	0
Activate FM	http://streaming12.elitecomunicacion.es:8085/stream	0
Album Radio SOUVENIRS	http://albumradiosouvenirs.stream.laut.fm/albumradiosouvenirs?t302=2025-12-18_14-08-27&uuid=e0d43cdc-fa18-4051-8f26-3481449cae51	0
All Time Best	http://all-time-best.stream.laut.fm/all-time-best?pl=m3u&ampt302=2017-10-30_16-08-54&ampuuid=6e8d74c2-809b-47bd-8fb7-fc9ff7cd74d1	0
America's Greatest 70s Hits Channel	http://hydra.cdnstream.com/1823_128	0
B4B VINTAGE LEGEND RADIO	https://eu10.fastcast4u.com/b4bdiscofunk	0
Big Barn Radio	https://s2.radio.co/s04214ea9a/listen	0
BrooklynFM (BFM) Russian	https://stream.bfmradio.us/stream128/	0
Canle Pop Radio	http://canlepop.listen2myradio.com/	0
CHILLFILTR Radio	http://cheetah.streemlion.com:2610/stream	0
China Hitz	https://das-edge11-live365-dal03.cdnstream.com/a57743	0
CK RADIO	http://charlekingradio.ice.infomaniak.ch/ckradio-192.mp3	0
CK RADIO Charleking	http://charlekingradio.ice.infomaniak.ch/charlekingradio.mp3	0
CLASSIC HITS anni 70 80 90	https://classichitsradio.streamingmedia.it/play	0
Club Lux: Euphoria Pop	https://cheetah.streemlion.com:3570/?type=http&ampnocache=1602701218	0
Coca-Cola FM (Brasil)	http://str3.openstream.co/1084	0
D2 Relax	https://cast1.torontocast.com:1515/stream	0
Diverse World Music Radio	http://65.21.139.147:9240/stream	0
Domain Radio Pop To Trance Radio	http://www.listen2myradio.com/	0
DownUnder Radio	https://mkglobalsolutions.com/proxy/downunder?mp=/1/stream/1	0
Essential	http://essential.stream.laut.fm/essential	0
Fantay Radio Dance Techno Pop R B Rap Garage Dubstep Rock House	http://fantasypromsradio.listen2myradio.com/	0
FINN Radio One	http://finnradioone.stream.laut.fm/finnradioone?t302=2021-02-17_03-29-31&ampuuid=553b90fa-741a-41a5-9cde-f268dec1c8c6	0
Free Time Radio	http://nr11.newradio.it:9200/stream/stream/1	0
Futuradio Pop&ampSweet	http://futuradiohits.ice.infomaniak.ch/frhits-128.mp3?utm_host=stream.futuradios.com	0
GamingFM	https://streaming.brol.tech/rtfmlounge	0
Generation Dance	https://radio.gen.dance/radio/8030/hd	0
GHP Radio	https://s2.radio.co/s73944d886/listen	0
Halloween Hit Radio	http://halloween-hit-radio.stream.laut.fm/halloween-hit-radio?t302=2023-02-24_00-07-50&ampuuid=e08af386-e623-4040-862b-de2581c40a68	0
Haydos Radio A Pop Rock Station	http://myradiostream.com/haydosradio	0
Hit Radio Fr	http://195.201.166.244:8853/stream	0
Hits1 latina	https://str3.openstream.co/1183?aw_0_1st.collectionid%3D4194%26stationId%3D4194%26publisherId%3D1207%26k%3D1766066965	0
HitTrAp	http://radio.hittrap.com:1025/index.html?sid=1	0
IndieRadioFM.net COUNTRY RADIO FM	https://strw3.openstream.co/1101?aw_0_1st.collectionid%3D3932%26stationId%3D3932%26publisherId%3D1125%26k%3D1766066971	0
Inhailer Radio	http://streaming.radio.co/seac6e5991/listen	0
Instrumentals Forever	http://bluford.torontocast.com:8074/stream	0
J Pop Powerplay	https://kathy.torontocast.com:3560/.mp3	0
J Pop Powerplay Kawaii	https://kathy.torontocast.com/kawaii	0
Josy Music Live Swing	http://dj91.hostingnuclear.com:8146/stream	0
J-Pop Project Radio	http://bluford.torontocast.com:8085/index.html?sid=1	0
Kewl.fm	https://das-edge12-live365-dal02.cdnstream.com/a67670	0
Kfab Fabreality Radio R B Pop Hip Hop Indie And More	https://tunein.com/radio/FABreality-Radio-s171992/	0
KRAZY Queue	https://das-edge12-live365-dal02.cdnstream.com/a35765	0
La Caja Radio	http://sp3.servidorrprivado.com/8781/stream	0
La Yaute	https://ecmanager4.pro-fhi.net:2680/index.html?sid=1	0
Latina	http://64.37.50.226:8066/index.html?sid=1	0
Laut.fm Best_of_80s	http://bestof80s.stream.laut.fm/best_of_80s?t302=2022-08-26_05-17-36&ampuuid=65be85c1-efe7-45b0-8cba-61c9669789ad	0
Le Bon Mix	https://stream9.xdevel.com/audio0s976748-1514/stream/icecast.audio	0
MALKI RETRO - Radio Pop, Rock &amp Latino	https://radio.andaina.net/8054/stream	0
MAXX FM	http://trappist.shoutca.st:8015/index.html?sid=1	0
Mix Pop Online	http://e.indice.uol.com.br/d/?q=mixpop.zip.net	0
Mix80Radio	https://stream.tunerplay.com/radio/8040/radio.mp3	0
Morena FM /Rio	https://centova5.transmissaodigital.com:20005/index.html?sid=1	0
Morena FM 98	http://192.99.14.210:8008/stream/stream/1	0
New Age Notes	https://das-edge11-live365-dal03.cdnstream.com/a55861	0
Peek Radio	http://185.105.4.100:8000/stream/stream/1	0
PENTAGRAMA LATINOAMERICANO Radio Folk	https://radio.andaina.net/8072/stream	0
Pop Classics	http://mvr.listen2myradio.com/	0
POP LOUNGE CAFE	https://poploungecafe.stream.laut.fm/poploungecafe?t302=2022-04-05_12-56-33&ampuuid=4540b1fd-cc03-4984-889a-7055e9ba5961	0
POP RADIO MONTPELLIER	http://sirius.shoutca.st:9184/http:/stream/1	0
Pop Radio Uk	https://www.spreaker.com/user/fresh-hits-uk--5486201	0
Power FM Breda	https://mpc1.mediacp.eu:8036/stream	0
Powerhitz Com The Officemix The Best Soft Rock And Pop	http://jbmedia-edge1.cdnstream.com/officemix	0
Pure Pop Radio	http://cheetah.streemlion.com:3900/stream	0
Radio 17bis	https://listen.radioking.com/radio/444/stream/1754	0
Radio Alligator	http://listen.radioking.com/radio/39962/stream/76445	0
RADIO COLLECTION	http://listen.radioking.com/radio/251653/stream/296545	0
Radio Fırat Fm Pop	https://yayin.firatfm.net:8016/index.html?sid=1	0
Radio Flora TM	https://usa10.fastcast4u.com:9520/?type=http&ampnocache=1705149913	0
Radio Kansas	http://audio-edge-w4d68.yul.o.radiomast.io/5567306a-66f6-4d8f-a399-520e2936e3a0	0
Radio Marlab	https://marlab.radioca.st/index.html?sid=1	0
Radio Máxima Digital — Revista Sin Recreo	https://mjwsdmsa.radioca.st/index.html?sid=1	0
Radio M's	http://listen.radioking.com/radio/126061/stream/165805	0
RADIO MUSIC 24	http://nr9.newradio.it:9565/stream	0
Radio Nano	http://s2.yesstreaming.net:7157/stream/stream/1	0
Radio POP	https://visual.shoutca.st:8076/stream	0
RADIO STREAM 37	http://s28.myradiostream.com:23774/listen.mp3/stream/1	0
Radio Titine	http://listen.radioking.com/radio/435545/stream/489533	0
radiolovedance	http://radiolovedance.stream.laut.fm/radiolovedance?t302=2018-04-28_20-17-50&ampuuid=6f3b26e9-36c3-47ea-adee-69b321398934	0
Radioprogram it	https://radio.streemlion.com/radioprogram	0
Retro 80's &amp 90's™ Flashback Music Radio - The Pulse	https://das-edge63-live365-dal03.cdnstream.com/a16621	0
RHYTHM RADIO	http://cupcake.citrus3.com:8006/stream	0
Ritmo X99	https://quincy.torontocast.com:2310/index.html?sid=1	0
River Valley Radio	https://s4.radio.co/s21e58bbd7/listen	0
rmasalerno	http://kemoniastreaming2.net:8034/listen.mp3/stream/1	0
Rock Global Alternative And Pop Rock Radio	http://1221.listen2myradio.com/	0
ROCK STATION	http://ecmanager2.pro-fhi.net:1420/?type=http&ampnocache=1622566595	0
rockSatelite-MadridONE	https://stream.tunerplay.com/radio/8050/rocksateliteradio.mp3	0
RThunder Radio	https://usa19.fastcast4u.com:3460/?type=http&ampnocache=1706963348	0
Shout-FM	https://shoutfm.stream.laut.fm/shout_fm?t302=2023-01-05_15-16-58&ampuuid=824b52c4-bf58-42fb-b4b4-9eb576bebf00	0
SKYLEGEND	http://webradiostream.eu:8170/stream	0
SKYRADIOFM	http://skyradiofm.stream.laut.fm/skyradiofm	0
Squirrel FM	http://s25.myradiostream.com:10092/listen.mp3/stream/1	0
Stone Rock Radio	http://hyades.shoutca.st:8251/stream	0
Streekstadcentraal	http://radiostreams.streekstadcentraal.nl:9001/01	0
Studio NL - Rock und Pop aus Holland	http://studionl.stream.laut.fm/studionl?t302=2017-11-05_00-34-29&ampuuid=4995a825-15bf-4afb-b3a4-13527d9f7d29	0
The Alway's Christmas Channel	http://kea.cdnstream.com/1837_128	0
THE BEST MUSIC MIX - HD76 - Hot Springs, Arkansas	https://das-edge13-live365-dal02.cdnstream.com/a86908?aw_0_1st.playerid=esPlayer&ampaw_0_1st.skey=1586998993	0
The Edge	https://das-edge12-live365-dal02.cdnstream.com/a99781	0
The Green Room Radioavenue Com	http://208.131.139.148:8068/index.html?sid=1	0
THE ONLY MUSIC THAT MATTERED!	http://108.59.9.147:8186/http:/stream/1	0
The Source:Smooth Jazz Radio - KJAC.DB	http://149.56.183.178:8020/stream	0
Todays Pop Country Mix	https://das-edge15-live365-dal02.cdnstream.com/a39506	0
Too Much Too Soon Radio	http://das-edge15-live365-dal02.cdnstream.com/a15209	0
UP RADIO	https://listen.radioking.com/radio/208624/stream/251509	0
UpBeat	https://live.upbeat.pw/	0
Web Rdio Pop Fm	https://www.radiowebpopfm.com.br/	0
West Kentucky Radio	https://das-edge63-live365-dal03.cdnstream.com/a45690	0
West Loves East Radio	http://streamingp.shoutcast.com/JamendoLounge?lang=*	0
Worship365 FM	https://servidor32.brlogic.com:7438/live	0
WSUP	https://das-edge62-live365-dal03.cdnstream.com/a10826	0
WVBL Radio	http://finnradioone.stream.laut.fm/finnradioone?t302=2023-12-30_03-44-16&ampuuid=428f2edc-7d40-4bf4-99a2-4e5ebab0e606	0
WXM ONE RADIO	https://jm8n.net/8024/stream	0
Yellow Radio	http://yellowradio.ice.infomaniak.ch/yellowradio.mp3	0
Your City Radio	https://c34.radioboss.fm:8234/stream	0
Zamanalwasl Radio	https://zamanalwaslradio.out.airtime.pro/zamanalwaslradio_b	0
