001 Italia	http://001italia.stream.laut.fm/001italia?t302=2025-12-17_17-43-17&uuid=1adae8d9-9b87-4066-8e34-4658c4fb3e77	0
80s Mix Radio	http://80s-mix-radio.stream.laut.fm/80s-mix-radio?t302=2025-12-17_17-43-16&uuid=5f715e09-47a1-4fd5-bf4c-f8d14c485a3f	0
80s radio	http://80s-radio.stream.laut.fm/80s-radio	0
alles bunt gemischt	http://alles-bunt-gemischt.stream.laut.fm/alles-bunt-gemischt	0
antenne adria	http://antenne-adria.stream.laut.fm/antenne-adria	0
Byblos Radio meets Beirut Nights: Mediterranean Lebanese Greek Turkish Armenian Italian French Spanish Arabic Hebrew Persian & more	https://free.rcast.net/232627	0
Calima	http://calima.stream.laut.fm/calima?t302=2025-12-17_17-43-17&uuid=4d92e040-04ab-46e2-9928-ceb82e70ef19	0
calima	http://calima.stream.laut.fm/calima	0
club85	http://club85.stream.laut.fm/club85	0
djingomradioshow	http://djingomradioshow.stream.laut.fm/djingomradioshow	0
energy22	http://energy22.stream.laut.fm/energy22	0
eurodance	http://eurodance.stream.laut.fm/eurodance	0
eurodance - 128 - Germany - dance & electronicdiscoeurodanceitalo-discopoptran	https://italo-disco.stream.laut.fm/italo-disco	0
euroradio	http://euroradio.stream.laut.fm/euroradio	0
fun80sfm	http://fun80sfm.stream.laut.fm/fun80sfm	0
Goody Music Radio	http://goody2021.out.airtime.pro:8000/goody2021_a	0
hey music	http://hey-music.stream.laut.fm/hey-music	0
hits4funradio	http://hits4funradio.stream.laut.fm/hits4funradio	0
inthemixradio	http://inthemixradio.stream.laut.fm/inthemixradio	0
italo disco	http://italo-disco.stream.laut.fm/italo-disco	0
Italo Disco Radio	http://kathy.torontocast.com:2870/stream	0
italoscene	http://italoscene.stream.laut.fm/italoscene	0
justgood80sradio	http://justgood80sradio.stream.laut.fm/justgood80sradio	0
ktnlive	http://ktnlive.stream.laut.fm/ktnlive	0
longnights93	http://longnights93.stream.laut.fm/longnights93	0
loslocos	http://loslocos.stream.laut.fm/loslocos	0
mixitalo	http://mixitalo.stream.laut.fm/mixitalo	0
MJ Radio	https://free.rcast.net/66319	0
musicfactoryoristano	http://musicfactoryoristano.stream.laut.fm/musicfactoryoristano	0
musikradio2	http://musikradio2.stream.laut.fm/musikradio2	0
panorama80	http://panorama80.stream.laut.fm/panorama80	0
playback	http://playback.stream.laut.fm/playback	0
provinciya	http://provinciya.stream.laut.fm/provinciya	0
r ph	http://r-ph.stream.laut.fm/r-ph	0
Radio COSMIC	https://radio10.pro-fhi.net/live/Radio COSMIC	0
Radio Cosmic	http://radio10.pro-fhi.net:9089/stream	0
Radio Italo Disco	https://free.rcast.net/16897	0
Radio Italo Disco Net	http://cast2.my-control-panel.com:8356/stream	0
Radio Italo-Disco Hungary	http://s3.free-shoutcast.com:18124/index.html?sid=1	0
Radio Mirage - Italo Dance	https://ssl-1.radiohost.pl:9569/stream.mp3/	0
Radio Musica - Disco Fever	http://nrf1.newradio.it:9864/stream	0
Radio Musica - Disco 'N' Dance	http://nrf1.newradio.it:9516/stream	0
Radio TOP80 - gra PiloNet [top80.pl Italo Disco]	https://top80.pl:8000/listen.mp3	0
Radio TOP80 [top80.pl Italo Disco]	https://radio.top80.pl:8000/listen.mp3	0
radio80s	http://radio80s.stream.laut.fm/radio80s	0
radiocdis	http://radiocdis.stream.laut.fm/radiocdis	0
radiodillo	http://radiodillo.stream.laut.fm/radiodillo	0
radioitaliastoccarda	http://radioitaliastoccarda.stream.laut.fm/radioitaliastoccarda	0
radiorob	http://radiorob.stream.laut.fm/radiorob	0
radioteam2000	http://radioteam2000.stream.laut.fm/radioteam2000	0
RMF TOP 30 POP	https://free.rcast.net/254519	0
roi fm	http://roi-fm.stream.laut.fm/roi-fm	0
so80s	http://so80s.stream.laut.fm/so80s	0
sunbeatsradio	http://sunbeatsradio.stream.laut.fm/sunbeatsradio	0
SynthIz Italo Disco Radio	http://synthizitalodisco.stream.laut.fm/synthizitalodisco?t302=2025-12-17_17-43-17&uuid=810729f8-1f93-4608-a2cb-aa5911321d6a	0
synthizitalodisco	http://synthizitalodisco.stream.laut.fm/synthizitalodisco	0
team200villaurbana	http://team200villaurbana.stream.laut.fm/team200villaurbana	0
TeleRadio1	http://teleradio1.stream.laut.fm/teleradio1?t302=2025-12-17_17-43-15&uuid=dd5cdf87-d826-4fa3-bbb8-eed51ccedfe8	0
teleradio1	http://teleradio1.stream.laut.fm/teleradio1	0
tunz tunz network	http://tunz-tunz-network.stream.laut.fm/tunz-tunz-network	0
villasound	http://villasound.stream.laut.fm/villasound	0
vinyl maxi fm	http://vinyl-maxi-fm.stream.laut.fm/vinyl-maxi-fm	0
Vinyl Maxi FM	https://vinyl-maxi-fm.stream.laut.fm/vinyl-maxi-fm	0
webradiodif	http://webradiodif.stream.laut.fm/webradiodif	0
wibmedia	http://wibmedia.stream.laut.fm/wibmedia	0
רדיו חולמים מזרחית	http://liveradio.co.il:8070/index.html?sid=1	0
