24 House Radio	https://strw3.openstream.co/1487?aw_0_1st.collectionid%3D4682%26stationId%3D4682%26publisherId%3D1511%26k%3D1766162923	0
24 House Radio	https://strw3.openstream.co/1487?aw_0_1st.collectionid%3D4682%26stationId%3D4682%26publisherId%3D1511%26k%3D1707985680	0
90s	https://strw2.openstream.co/861?aw_0_1st.collectionid%3D6850%26stationId%3D6850%26publisherId%3D885%26k%3D1728540070	0
90s 3NeRgY	https://live.90hit.ro:8000/listen.mp3	0
90s EnErGy&ReMiX	https://strw2.openstream.co/861?aw_0_1st.collectionid%3D6850%26stationId%3D6850%26publisherId%3D885%26k%3D1738837255	0
90XL by 077 Radio	https://strw3.openstream.co/264?aw_0_1st.collectionid%3D377%26stationId%3D377%26publisherId%3D84%26k%3D1766163247	0
ALTRock Radio	https://live.radioclasic.com/listen/radio_clasic_altrock/live.mp3	0
Ambiento Radio	https://strw3.openstream.co/390?aw_0_1st.collectionid%3D2676%26stationId%3D2676%26publisherId%3D210%26k%3D1766162926	0
Arges Expres FM	https://stream.bauermedia.sk/expres-hi.mp3	0
ARGES MIOVENI NR1	http://89.39.189.53:8000/index.html?sid=1	0
autobazaradio	http://s3.myradiostream.com:7022/index.html?sid=1	0
Biblia Audio - Radio Calea Spre Cer	https://panel.radiocaleasprecer.com/radio/8010/radio.mp3	0
BigFM	http://82.208.143.10:8000/index.html?sid=1	0
BIN Radio	http://lyra.shoutca.st:8295/index.html?sid=1	0
Bistrita FM	https://audio-edge-cmc51.fra.h.radiomast.io/66f238bb-8b61-4196-a8c3-28aea07235e8	0
Bitter Sweet Music	https://sonicssl.namehost.ro/8520/stream	0
Bitter Sweet Music BE	http://livemp3.radiopopular.ro:7777/;	0
Black Rhino Radio	https://blackrhinoradio.out.airtime.pro/blackrhinoradio_a	0
Bluejazz Radio	https://live.radioclasic.com/listen/radio_clasic_bluejazz/live.mp3	0
Capital FM	http://live.capitalfm.ro:8020/index.html?sid=1	0
CFM Constanta	http://stream1.radiocfm.ro:9290/index.html?sid=1	0
City Radio ro	http://live.city-radio.ro:8800/index.html?sid=1	0
City Rdi	http://live.city-radio.ro:8800/stream	0
Clasic Radio Romania	http://www.clasicradio.ro:8000/	0
Club Radio	https://live.clubradio.ro/listen/clubradio/live	0
ClubMix	http://live.radioclubmix.ro:9999/index.html	0
Cozy FM	http://live.cozyfm.ro:8000/	0
Cozy FM	https://19003.live.streamtheworld.com/WCSYFMAAC.aac	0
Dacia Relax	http://5.2.198.216:8014/index.html?sid=1	0
Dark Edge Radio	http://stream.darkedge.ro:8000/stream/2/	0
DeeaRadio	http://live.radiodeea.ro:8090/listen.pls	0
Doctor FM Romania	https://adradio.ro/	0
DuxRadio	https://radio.duxradio.ro/8002/stream	0
EBS | Romanian Gold	https://azura.ebsmedia.ro/listen/romaniangold/romaniangold128.mp3	0
EBS Radio - Romanian Folk	http://azura.ebsmedia.ro:8150/romanianfolk320.aac	0
EBS Radio - Romanian Gold	http://azura.ebsmedia.ro:8140/romaniangold320.aac	0
EBS Radio Cluj-Napoca	https://azura.ebsmedia.ro/radio/8010/live128.mp3	0
ENERGY Nürnberg	https://edge01.streamonkey.net/energy-nuernberg/stream/mp3?aggregator=mytuner	0
Enjoy Radio	http://89.39.83.158/radio/8000/enjoylive.mp3	0
Epic Tones Radio	https://s4.radio.co/s35c414576/listen	0
Erdélyi Magyar Rádió	https://usa10.fastcast4u.com:9520/?type=http&nocache=1705149913	0
ERT Voice Of Greece	https://radiostreaming.ert.gr/ert-voiceofgreece	0
Eteatru FM	https://static.srr.ro/audio/articles/3321/art-audio-1387671-tristan.mp3	0
Extravaganza Radio	https://s3.radio.co/s1492c0564/listen	0
Flora TM	https://usa10.fastcast4u.com:9520/index.html?sid=1	0
Focus FM	http://live.focusfm.ro:8000/focusfmhigh.ogg	0
Fred Film Radio - CH9 Romanian	http://s10.webradio-hosting.com:8126/stream	0
Free FM Bucarest	https://rocafmadrid.radioca.st/index.html?sid=1	0
Free FM Rock	https://freefmrock.radioca.st/stream	0
Gherla FM	http://89.39.189.52:8000/index.html?sid=1	0
GherlaFM	http://89.39.189.52:8000/stream	0
gofm.ro	http://live.gofm.ro:9128/index.html?sid=1	0
goJAZZ	https://live.gofm.ro:2020/stream/goJAZZ	0
GoldFM	http://80.86.106.110:8002/index.html?sid=1	0
goROCK	https://live.gofm.ro:2020/stream/goROCK	0
IMPACT FM REGIONAL	http://radiocartier.zapto.org:8048/index.html?sid=1	0
Insomnia FM	https://insomniafm.cloudrad.io/@shoutcast	0
itsy bitsy	https://ssl.radios.show:7009/stream	0
Itsy Bitsy FM	http://ortodoxradio.ro:8000/stream48	0
Jazz FM România	https://s4.radio.co/s1e25bf273/listen	0
Jurnal FM	https://audio.jurnalfm.md/lq	0
Kiss FM	https://live.kissfm.md/kissfm.chisinau	0
Kiss FM - #1 HIT RADIO	https://kissfmhits.ice.infomaniak.ch/kissfmhits-192.mp3	0
Kiss FM 100.9 FM - Chisinau	https://live.kissfm.ro/kissfm.chisinau	0
Kiss Fm Ro	https://www.kissfm.ro/listen.pls	0
Kiss FM Romania	https://live.kissfm.ro:8443/kissfm.aacp	0
Kiss FM România	https://live.kissfm.ro/kissfm.aacp	0
Lautaru Populara	http://live.radiolautaru.ro:9000/stream.nsv	0
Liberty muzica romaneasca	http://romaneasca.radioliberty.ro:1989/index.html?sid=1	0
Liberty Slagare	http://slagare.radioliberty.ro:1989/index.html?sid=1	0
Magic FM	https://live.magicfm.ro/magicfm.aacp	0
Magic Gold Hits	https://live.magicfm.ro/magic.gold.hits	0
Magic Party Mix	https://live.magicfm.ro/magic.party.mix	0
Manele Vechi  Romania	http://asculta.radioxnet.ro:8888/index.html?sid=1	0
Mária Rádió Erdély	https://ssl.omegahost.ro/8232/stream	0
Marionet Radio	https://stream.clever-host.ro/8006/stream	0
Master Class FM	https://listen3.myradio24.com/master1	0
MB Music Radio	http://s33.myradiostream.com:16150/index.html?sid=1	0
MDI FM	https://www.mdifm.ro/listen_mdifm.pls	0
MegaHit	https://air.broadcastinggroup.ro:5443/MegaHit	0
MegaHit Romania	https://air.broadcastinggroup.ro/MegaHit	0
Mega-HIT Romania	https://live.radiomegahit.eu:8080/stream	0
MFMDance	https://ssl.radios.show:8012/stream	0
MGT Rádio Sertaneja	http://cast.mgtradio.net:8000/1/	0
Micul Samaritean - LSM Radio Moldova 104.2 FM	https://s5.radio.co/sfff7b7e97/listen	0
Miloș Radio	https://ssl.radios.show/8008/?1622280331508	0
Mixmusic Radio	https://mixmusicradio.ro/listen.ram	0
MixMusic Radio România	http://mixmusicdance.zapto.org:8890/index.html?sid=1	0
Mondo	https://mondo.stream.laut.fm/mondo	0
Muz FM	https://live.muzfm.md/muzfm	0
Muz FM - 88.0 FM	http://live.muzfm.md:8000/muzfm	0
Napoca FM 102.2 FM Nord-Vest	https://streaming.napocalive.ro/napoca-fm	0
News Radio	https://servidor22-2.brlogic.com:7250/live	0
News Radio	https://securestreams2.autopo.st:1110/1.mp3	0
NOVA FM 98.2	http://86.125.106.34:8000/live	0
Nova FM 98.2 Brasov	http://86.125.106.34:8000/index.html?sid=1	0
NOVA FM 982	http://86.125.106.34:8000/stream	0
One FM	https://live.onefm.ro/onefm.aacp	0
One Vibe Radio	https://sonic1-rbx.cloud-center.ro/9972/stream	0
Pink Radio	http://pink.exyuserver.com/stream	0
Play 90&#039;s	http://a.fmradiomanele.ro:8054/;stream.nsv	0
Play 90's	http://live.playradio.org:9090/90HD	0
Play Café	https://live.playradio.org:8443/CafeHD	0
Play Radio	https://live.playradio.org:8443/90HD	0
Play Radio 91.6	http://live.playradio.org:9090/FMHD	0
Play Radio Cafe	http://live.playradio.org:9090/CafeHD	0
Play Radio Constanta	https://live.playradio.org:8443/FMHD	0
Play Urban	https://live.playradio.org:8443/UrbanHD	0
PlayMusic FM	http://stream.playmusicfm.info:9000/index.html?sid=1	0
Predic Radio	https://s16.myradiostream.com/:15576/listen.mp3	0
ProB Radio	http://live.radioprob.ro:8888/stream	0
PRODj Radio	http://live.prodjradio.net:8000/?type=http\u0026nocache=4585	0
ProFM HOT	http://asculta.radioxnet.ro:8888/stream/1/	0
PublikaFM	http://live.mixcraiova.ro:8241/index.html?sid=1	0
Radio 1 Manele	http://radio1manele.no-ip.org:8000/listen.pls?sid=1\u0026title=RADIO%252	0
Radio 21 Romania	https://radio.sonicpanel.ro/8042/stream	0
Radio 69	http://dreamsiteradiocp2.com:8002/index.html?sid=1	0
Radio 90 Hit	https://live.90hit.ro:8000/radio.mp3	0
Radio 90 Hit	https://s7.yesstreaming.net:8062/stream	0
Radio Accent	http://86.122.157.14:8900/index.html?sid=1	0
Radio Accent Oltenia 96.2 FM	http://86.122.157.14:8900/stream.nsv	0
Radio Alert Manele	http://radioalertmanele.zapto.org:8888/index.html?sid=1	0
Radio Alpes Suíços	https://s5.stmxp.net:7014/;	0
Radio Apni Awaz	https://cupcake.citrus3.com:8274/stream	0
RADIO ARDEAL FM (CHAT)	https://cloud.radiosonicpanel.ro/9090/stream	0
Radio Ardeal Fm Colinde	https://cloud.radiosonicpanel.ro/7877/stream	0
Radio Arges Mioveni Nr1	http://89.39.189.53:8000/stream/1/	0
Radio Aripi Spre Cer	http://aripisprecer.ro:8125/radio.mp3	0
Radio AS	https://asfmonair-masterasfm.radioca.st/stream	0
Radio AS petrecere	http://89.39.189.78:8001/index.html?sid=1	0
Radio AS Tarnaveni - 107.1 FM	http://195.225.143.222:8000/index.html?sid=1	0
Radio AtentatFm	https://ssl.omegahost.ro/8066/stream	0
Radio B Zone	https://bzone.radioca.st/index.html?sid=1	0
Radio Badita Popular	http://89.39.189.29:8000/index.html?sid=1	0
Radio Banat	http://live.radiobanatfm.com:8002/index.html?sid=1	0
Radio Banatlink	http://live.radiobanatfm.com:8002/stream/	0
Radio Bandit	http://live.radiobandit.ro:8000/bandit.mp3	0
Radio Baraka	https://ice.streams.ovh:1165/stream	0
Radio BEAT	https://strw3.openstream.co/673?aw_0_1st.collectionid%3D3372%26stationId%3D3372%26publisherId%3D697%26k%3D1710322050	0
Radio Beat	https://n28a-eu.rcs.revma.com/3d47nqvb938uv?rj-ttl=5&rj-tok=AAABnGAZlskAI99SpENBKxbCeA	0
Radio Beat Romania	http://radiobeat.ro:8100/index.html?sid=1	0
Radio Best 88.3 FM	https://play.discomix.ro/8002/stream	0
Radio Best Dance	https://sonic1-rbx.cloud-center.ro/8018/	0
Radio Blue Romania	https://asculta.muzicaok.de:8002/stream	0
Radio Brasov	https://live.radiobrasov.ro/stream.mp3?time=1664252372	0
Radio Brasov	https://live.radiobrasov.ro/stream	0
Radio Brașov	https://live.radiobrasov.ro/stream.mp3	0
Radio Bucovina	https://live.radiobucovina.ro:8000/index.html?sid=1	0
Radio Bucovina	http://live.radiobucovina.ro:8000/index.html?sid=1	0
Radio Cafe	https://live.radiocafe.ro:8443/	0
Radio Cafe Romania	http://live.radiocafe.ro:8048/live.aac	0
Radio Calea Spre Cer LIVE 24/7	https://panel.radiocaleasprecer.com/radio/8000/radio.mp3	0
Radio Campus	http://dreamsiteradiocp2.com:8002/;	0
Radio Capital FM	http://stream.capitalfm.ro:8020/stream	0
Radio Cartier Romania	https://live.radiocartier.eu:8048/stream	0
Radio Cernauti	https://c4.radioboss.fm:18260/stream	0
Radio Chat Romania	https://sonicssl.namehost.ro/8008/stream	0
Radio Clasic 100% Romanesc	https://live.radioclasic.com/listen/radio_clasic_romanesc/live.mp3	0
Radio Clasic Beethoven	https://live.radioclasic.com/listen/radio_clasic_beethoven/live.mp3	0
Radio Clasic Christmas	https://live.radioclasic.com/listen/radio_clasic_christmas/live.mp3	0
Radio Clasic Folk	https://live.radioclasic.com/listen/radio_clasic_folk/live.mp3	0
Radio Clasic Hits	https://live.radioclasic.com/listen/radio_clasic_hits/live.mp3	0
Radio Clasic Jazz	https://live.radioclasic.com/listen/radio_clasic_jazz/live.mp3	0
Radio Clasic Kids	https://live.radioclasic.com/listen/radio_clasic_kids/live.mp3	0
Radio Clasic Latino	https://live.radioclasic.com/listen/radio_clasic_latino/live.mp3	0
Radio Clasic Love	https://live.radioclasic.com/listen/radio_clasic_love/live.mp3	0
Radio Clasic Mozart	https://live.radioclasic.com/listen/radio_clasic_mozart/live.mp3	0
Radio Clasic Opera	https://live.radioclasic.com/listen/radio_clasic_opera/live.mp3	0
Radio Clasic Popular	https://live.radioclasic.com/listen/radio_clasic_popular/live.mp3	0
Radio Clasic Rock	https://live.radioclasic.com/listen/radio_clasic_rock/live.mp3	0
Radio Clasic Strauss	https://live.radioclasic.com/listen/radio_clasic_strauss/live.mp3	0
Radio Clasic Tchaikovscky	https://2.mystreaming.net/uber/crtchaikovsky/icecast.audio	0
Radio Col De Suflet	https://dattavolt.com/8056/stream/	0
Radio Colinde	https://christmasfm.cdnstream1.com/2547_128.mp3	0
Radio Colt De Suflet	https://dattavolt.com/8056/stream	0
Radio Condor	http://www.radiocondor.ro:6303/index.html?sid=1	0
Radio Coresi 80	https://s5.radio.co/sfb029759c/listen	0
Radio Costi	https://ssl.radios.show/8006/	0
Radio Crazy	https://razvcarp1.radioca.st/:80/stream.mp3	0
Radio Crestin Aripi Spre Cer	http://aripisprecer.ro:8125/index.html?sid=1	0
Radio Crestin Aripi Spre Cer Instrumental	http://aripisprecer.ro:8135/index.html?sid=1	0
Radio Crestin Aripi Spre Cer Predici	http://aripisprecer.ro:8129/index.html?sid=1	0
Radio de Cuvant	https://streamer.radio.co/sb94ce6fe2/listen	0
Radio Disco Mix	https://sonic1-rbx.cloud-center.ro/8002/stream	0
Radio DJ1	http://142.132.213.6:8504/stream	0
Radio Dobrogea	http://stream.arhivaradiodobrogea.ro:7000/dobrogea-mobil	0
Radio Dobrogea 99.7 FM	http://stream.arhivaradiodobrogea.ro:7000/dobrogea	0
Radio Doina	http://89.43.138.116:8000/radiodoina.mp3	0
Radio Domeldo Live	http://185.105.4.53:3000/stream.mp3	0
Radio Domeldo Movie	http://185.105.4.53:3006/stream	0
Radio Dor	https://ivm.antenaplay.ro/liveaudio/radiodor/playlist.m3u8	0
Radio DOR Romania	https://live7digi.antenaplay.ro/radiodor/radiodor-48000.m3u8	0
Radio Doxologia	https://doxologia.ro/radio/radio_doxologia.pls	0
Radio Dreams Dance Hits	http://5.2.184.92:3390/radiodreams.g1.ro	0
Radio Energy	http://radio.energyzone.ro:8200/index.html?sid=1	0
Radio EvoPixel	https://live.radio.evopixel.ro/live.mp3	0
Radio Excentric Romania	https://asculta.radioexcentric.com:8060/stream	0
Radio Expert	http://radioexpert.servemp3.com:8000/stream.nsv	0
Radio Expert Fm	http://expertfm.zapto.org:8000/stream	0
Radio Extrem Live	https://radiolive.radio-extrem.com/8004/stream/	0
Radio FanFMRO	http://radiofanfmro.zapto.org:8585/index.html?sid=1	0
Radio Fiesta	http://sirius.shoutca.st:8130/stream	0
Radio Fir	https://sonic1-rbx.cloud-center.ro/8010/stream	0
Radio Fix	https://n04.rcs.revma.com/e1qt2fxst8tvv?rj-ttl=5&rj-tok=AAABnGAZ3i8A0ti7sHR94nY8vQ	0
Radio Flo Manele	https://live.radioflomanele.ro:8084/stream	0
Radio Flora TM	https://usa10.fastcast4u.com:9520/?type=http&nocache=1704150166	0
Radio Focus	http://live.focusfm.ro:8000/focusfmlow.ogg	0
Radio Folclor Buzau FM	https://radio.sonicpanel.ro/8910/stream	0
Radio Folclor Muntenia	http://live.radiofolclormuntenia.ro:8008/index.html?sid=1	0
Radio Fresh	https://s2.radio.co/see52d8809/listen	0
Radio Funky FM	https://dance.radiofunky.ro/7500/stream	0
Radio FUNKY Manele Romania	http://live.radiofunky.ro:8888/listen.pls	0
Radio Fx Net	http://asculta.radiosimplu.ro:8000/fx	0
Radio FX Net	http://asculta.radiofxnet.ro:8458/index.html?sid=1	0
Radio Gaga	https://a3.my-control-panel.com:6660/radio.mp3	0
Radio Gangsta Dance Romania	http://dance.radiogangsta.ro:8800/listen.pls	0
Radio Gangsta слухати онлайн	http://asculta.radiogangsta.ro:8800/stream	0
Radio Gherla Romania	http://89.39.189.70:8000/stream	0
Radio GMusic - RGM Colinde	http://142.132.213.6:8010/stream	0
Radio GMusic - RGM Dance	http://157.90.35.96:8808/stream/	0
Radio GMusic - RGM Retro	http://142.132.213.6:8020/stream	0
Radio Gold FM	http://live.radiotaraf.ro:8181/index.html?sid=1	0
RADIO GOSEN	http://ascultaradiogosen.no-ip.org:8125/index.html	0
Radio Gosen	http://ascultaradiogosen.no-ip.org:8125/listen.pls	0
Radio GreenStone	https://stream.clever-host.ro/8018/stream	0
Radio Greu De Difuzat FM	https://greudedifuzat.ro/stream/	0
Radio Hip-Hop Romania	http://hip-hop.radiomaneleromania.ro:7000/;stream.nsv	0
Radio Hit FM	http://asculta.radiohitfm.net:8340/stream?type=http&nocache=1487	0
Radio HiT Romania	http://live.radio-hit.ro:8500/index.html?sid=1	0
Radio HIT Romania	http://live.radio-hit.ro:8500/stream	0
Radio HiTFM - Etno	http://petrecere.radiohitfm.ro:8340/stream/	0
Radio HiTFM Popular	http://petrecere.radiohitfm.ro:8340/index.html?sid=1	0
Radio HiTFM Romania	http://live.radiohitfm.net:8989/index.html?sid=1	0
Radio Hot Style	https://live.radiohot.ro/8000/stream	0
Radio Hot Style	http://mp3.radiohot.ro:8000/index.html?sid=1	0
Radio Interpretul Buzau FM	https://radio.sonicpanel.ro/8054/stream	0
RaDiO InTeXFM MaNeLe	https://sonic1-rbx.cloud-center.ro/8038/stream	0
Radio Iubire FM	http://89.39.189.25:7070/index.html?sid=1	0
Radio Iubire FM (România)	http://89.39.189.24:7070/stream/	0
Radio Jurnal Spiritual Radauti	https://ssl.radios.show:7009/stream/	0
Radio Kibuț	https://listen.radioking.com/radio/380248/stream/431281	0
Radio Klass	https://klassfm929.radioca.st/index.html?sid=1	0
Radio Koko	https://az10.yesstreaming.net:8210/radiokoko.mp3	0
Radio Lautaru Popular	http://live.radiolautaru.ro:9000/index.html?sid=1	0
Radio Liberty	http://asculta.radioliberty.ro:1989/index.html?sid=1	0
Radio Liberty Dance Romania  wwwRadioLibertyRo	http://asculta.radioliberty.ro:1989/stream	0
Radio Liberty Manele	http://manele.radioliberty.ro:1989/index.html?sid=1	0
Radio Live 247	https://stream19.expo-media.eu/radio/9000/aac64	0
Radio Love Marilena	https://asculta.muzicaok.de:8016/stream	0
Radio LoveM	https://radio.ascultatare.ro:10987/stream?icy=http	0
Radio Luc	https://edge.audioxi.com/RED?1602930454696	0
Radio Luceafar	https://ssl.radios.show/8038/	0
Radio Luciana	https://live.radioluciana.ro:8154/stream	0
Radio Lumina Severin	http://stream.joyhits.online:8070/joyhits.mp3	0
Radio M Plus Fm	https://s4.ssl-stream.com/listen/radio_mplus_fm/live	0
Radio Magia Inimii Tale	https://a9.asurahosting.com:7030/radio.mp3	0
Radio Manele	https://play.wrhradios.com/8044/stream#	0
Radio Manele FM	http://a.fmradiomanele.ro:8054/index.html?sid=1	0
RADIO MANELE PETRECERE	https://ssl.servereradio.ro/8123/stream	0
Radio Manele Romania	https://n01.rcs.revma.com/a10a84kyt4zuv?rj-ttl=5&rj-tok=AAABnGAZ3vsAglq7iLugj_fqbg	0
Radio Maria	https://cdn.cloudrad.io/radiomariaromania/listen.pls	0
RADIO MARIA ROMANIA	http://dreamsiteradiocp2.com:8002/stream	0
Radio Medias	http://mediasfm.eushells.ro:8082/index.html?sid=1	0
Radio Mega HIT Romania	http://radiomegahit.zapto.org:8080/index.html?sid=1	0
Radio Mega-HiT Christmas	https://craciun.radiomegahit.eu:8114/stream	0
Radio Mega-HIT Popular	http://megahitpopular.zapto.org:9000/index.html?sid=1	0
Radio Mirajul Muzici	http://live.radiomiraj.ro:9952/index.html?sid=1	0
RADIO MIRAJUL MUZICII	http://live.radiomiraj.ro:9952/stream	0
Radio Mix Craiova	http://livemp3.radiopopular.ro:7777/index.html?sid=1	0
Radio Mixx Romania	http://live.radiomixx.ro:8888/index.html?sid=1	0
Radio Moldova	https://radiolive.trm.md:8001/hls/actualitati.m3u8	0
Radio Moldova HQ	https://radiochisinau.md/hls/RChisinau.m3u8	0
Radio Moldova Muzical	https://radiolive.trm.md:8001/hls_rmm/muzical.m3u8	0
Radio Moldova Tineret	https://radiolive.trm.md:8001/hls_rmt/tineret.m3u8	0
RADIO MUSIC FM. ROMANIA	https://free.rcast.net/200681	0
Radio Nebunya	http://asculta.radionebunya.ro:7575/index.html?sid=1	0
Radio Noise	http://live.radionoise.ro:9100/index.html?sid=1	0
Radio Noise HipHop	https://hiphoplive.radionoise.ro:9110/stream	0
Radio Noise Party	https://partylive.radionoise.ro:9160/stream	0
Radio Noise Retro	https://retrolive.radionoise.ro:9120/stream	0
Radio Noise XMAS	https://xmaslive.radionoise.ro:9150/stream	0
Radio Nova Mix	https://asculta.muzicaok.de:8042/stream	0
Radio Nova22	http://s2.myradiostream.com:4520/listen.m4a	0
Radio Oastea Domnului	http://rod128.oasteadomnului.ro:8000/stream.mp3	0
Radio Omega	https://webradio.amsolution.com.br/radio/8000/omega?listening-from-radio-garden=1661495750	0
Radio Orion 91.7 FM	http://live.orionradio.ro:8070/stream	0
Radio Ortodox	https://stream.appradiofm.com/stream?url=http://www.ortodoxradio.ro:9000/stream	0
Radio Party Mix	https://sonic2-rbx.cloud-center.ro/8004/stream	0
Radio Petrecere Romania	http://petrecere.fmradiomanele.ro:8123/index.html?sid=1	0
Radio Philadelphia pentru cei mici	http://94.130.106.91:8030/radio.mp3?1616999117	0
Radio Poliglot	http://195.225.143.222:8000/index.html?sid=1	0
Radio Popular	http://livemp3.radiopopular.ro:7777/stream.mp3	0
Radio Popular Oltenia	http://89.39.189.21:8889/index.html?sid=1	0
Radio Popular Petrecere	https://livessl.radiopopular.ro:7777/index.html?sid=1	0
Radio PowerFM Romania	https://ssl.radios.show/8036/stream	0
Radio Prahova	https://streamx.rph.ro:8100/relay	0
Radio Pro Hit	http://asculta.radioprohit.ro:8000/index.html?sid=1	0
Radio Pro Lider	http://82.77.106.109:8000/stream/1/	0
Radio Pro Manele	http://radiopromanele.zapto.org:8000/index.html?sid=1	0
Radio Pro Music 90s	https://strw3.openstream.co/1421?aw_0_1st.collectionid%3D4573%26stationId%3D4573%26publisherId%3D1445%26k%3D1766163044	0
Radio Pro Party	https://ssl.radios.show/8004/stream	0
Radio Pro Popular	http://live.radiopropopular.com:9998/index.html?sid=1	0
RADIO PRO-HIT MANELE	http://live64radioprohit.zapto.org:8000/index.html?sid=1	0
Radio Psalmi	http://78.47.64.186:8082/listen/radio_psalmi/radio.mp3	0
Radio Pur & Simplu Crestin	https://listen.radioking.com/radio/257134/stream/301759	0
Radio Qanon	http://89.39.189.40:8000/index.html?sid=1	0
Radio Rascumparati prin Har	https://s3.free-shoutcast.com/stream/18202/stream.mp3	0
Radio Relax	https://stream.dixi.md/RadioRelax	0
Radio RFI R.	https://asculta.radiorfi.ro/live.mp3	0
Radio Romance21	http://live.radioromance21.ro:9950/index.html?sid=1	0
Radio Romania International	https://www.rri.ro/live_stream/rri_mp3_128_2.m3u	0
Radio Romanian	http://asculta.radioromanian.net:8100/index.html?sid=1	0
Radio Romanian – Manele	http://asculta.radioromanian.net:8100/stream	0
Radio Romanian Disco	http://asculta.radioromanian.net:8700/;?icy=http	0
Radio Romanian Rock	http://asculta.radioromanian.net:8800/;?icy=http	0
Radio RSM	https://sp3.servidorrprivado.com/1648/stream	0
Radio Rusongs	https://stream.appradiofm.com/stream?url=http://listen.rusongs.ru:8005/ru-aac-48	0
Radio Select	http://selectfm.asculta.live:8000/index.html?sid=1	0
Radio Sky FM	http://89.43.138.116:8000/radiosky.mp3	0
Radio Star 901 FM	http://188.27.233.177:8080/	0
Radio Stil Manele	https://mp3.radiostill.ro:8888/stream?type=http&nocache=161	0
Radio Sud Constanta	https://sonicssl.namehost.ro/8750/stream	0
Radio Sun Love Romania	http://asculta.radiofolclor.ro:8092/stream	0
Radio Taraf MANELE	http://asculta.radiotaraf.com:7100/index.html?sid=1	0
Radio Taraf Manele Romania	http://asculta.radiotaraf.com:7100/index.html?sid=1	0
Radio Taraf MANELE ROMANIA 107.7 FM Bucharest-Ilfov	https://ddos.radiotaraf.ro/7100/stream	0
Radio Taraf Romania	https://ivm.antenaplay.ro/liveaudio/radioromantic/playlist.m3u8	0
Radio Tequila	http://dance.radiotequila.ro:7000/index.html?sid=1	0
Radio Tequila Colinde Romania wWw.RadioTequila.Ro	https://free.rcast.net/200334	0
Radio Tequila Hip-Hop	http://necenzurat.radiotequila.ro:7000/;	0
Radio Tequila Manele Romania	http://asculta.radiotequila.ro:7000/index.html?sid=1	0
Radio Tequila Petrecere (București)	https://ssl.omegahost.ro/7000/stream	0
Radio Tequila Petrecere Romania	http://petrecere.radiotequila.ro:7000/index.html?sid=1	0
Radio TimiBanat - Eurodisco	https://stream.nextradio.live/listen/nextradio/NextHD	0
Radio Tineret	https://live.radiotineret.ro:8420/stream	0
Radio Top	http://live.radiotop.ro:8000/radio.mp3.m3u	0
Radio Top 104 FM	http://live.radiotop.ro:8000/	0
Radio Top Suceava	https://live.radiotop.ro/radio/8000/radio.mp3	0
Radio Top Suceava	https://live.radiotop.ro/radio/8000/radio.mp3?1605648477	0
Radio Torino International	http://icecast.top-ix.org/radiotorinointernational	0
Radio Total FM	https://radiototal.radioca.st/stream/	0
Radio Traditional Dance	http://mp3.radiopopular.ro:7777/index.html?sid=1	0
Radio Tranquila Manele	https://radio.ascultatare.ro:8032/stream	0
Radio Trinitas	https://live.radiotrinitas.ro:8003/index.html?sid=1	0
Radio Trinitas	http://81.196.25.70:8000/index.html?sid=1	0
Radio Turda	https://live.aftech.ro/radio/8010/radio.mp3	0
Radio TV Unirea	http://s1.bcmsol.ro:8002/stream/	0
Radio Unique	http://listen.radiounique.ro:8106/live	0
Radio Unique Romania	https://listen.radiounique.ro:8106/live	0
Radio Unirea FM	http://radionebunya.sytes.net:7575/index.html?sid=1	0
Radio Valentina FM	http://178.32.137.180:8587/stream/	0
Radio Valoare Manele Vechi	https://ssl.omegahost.ro/8000/stream	0
Radio Veselia Folclor	https://sonicssl.namehost.ro/8232/stream	0
Radio Vestea Buna	http://c34.radioboss.fm:8175/autodj	0
Radio VIP	http://live1.radiovip.ro:8969/index.html	0
Radio VIP FM	http://live1.radiovip.ro:8969/stream.nsv	0
Radio Viva FM	https://cloud.radiosonicpanel.ro:10997/;	0
RADIO VIVI.FM	https://free.rcast.net/200690	0
Radio Vmro	https://radiovmro.radioca.st/index.html?sid=1	0
Radio Vocativ	https://c15.radioboss.fm:18229/stream	0
Radio Vocativ International	https://c15.radioboss.fm/stream/229	0
Radio Vocea Evangheliei Cluj	https://s23.myradiostream.com/:18366/listen.mp3?nocache=1632949802	0
Radio Vocea Romaniei	http://perseus.shoutca.st:8516/index.html?sid=1	0
Radio Wish Transylvania	https://s101.radiolize.com/radio/8050/radio.mp3	0
Radio Xtream Romania	https://asculta.radioxtream.com/8022/stream	0
Radio Yamy	http://live.radioclick.ro:8008/index.html?sid=1	0
Radio ZU	https://live7digi.antenaplay.ro/radiozu/radiozu.m3u8	0
Radio ZU - 89.0 FM	https://live7digi.antenaplay.ro/radiozu/radiozu-48000.m3u8	0
Radio ZU - FM 89.0 - Bucharest	https://ivm.antenaplay.ro/liveaudio/radiozu/playlist.m3u8	0
Radio Zum 1	https://streams.radiozum.md/listen/zum1/ZUM1	0
Radio Zum 2	https://streams.radiozum.md/listen/zum2/ZUM2	0
Radio.Oaspete.ro	https://radio.oaspete.ro/hls/live/aac_hifi.m3u8	0
Radio1Pitesti Muzica romaneasca populara petrecere manele etno Romanian cu Dj Daniel de la Dacia	https://free.rcast.net/256766	0
Radio1Pitesti Romania	https://ssl.radios.show:8050/stream	0
RadioClick	https://live.radioclick.ro:8008/stream	0
RadioDrastick	https://asculta.muzicaok.de:10980/index.html?sid=1	0
RadioExclusiv	https://ssl.radios.show/8026/stream	0
Radio-Fan Manele	https://f111.rndfnk.com/ard/wdr/1live/live/mp3/128/stream.mp3?aggregator=radio-de&cid=01FBRZTS1K1TCD4KA2YZ1ND8X3&sid=39hB4v7Rbb3sENNxzisvfByrbvA&token=MeUV4xVLsBIajNaTeliIk6qcTmT52LtRp1-SdEJOqlk&tvf=xVH1MnxslBhmMTExLnJuZGZuay5jb20	0
RadioHot	https://asculta.muzicaok.de:10991/index.html?sid=1	0
RadioPlay Colinde Romania	http://colinde2.radioplay.ro:9292/;stream.nsv	0
RadioPlay Live	http://live3.radioplay.ro:8181/index.html?sid=1	0
RadioPlay Live Romania	http://live3.radioplay.ro:8181/stream.nsv	0
RadioPlay Manele Romania	http://manele2.radioplay.ro:7171/;stream.nsv	0
RadioPlay Romania	https://radio.novamix.ro:8042/stream	0
RadioPlay Trance Romania	http://trance2.radioplay.ro:9092/;stream.nsv	0
RadioPoetic	https://asculta.muzicaok.de:8054/stream	0
RadioRetroFM Moldova	https://europaplus.hostingradio.ru:8014/retro320.mp3	0
Rebel Radio Romania	https://nostalgicfm.ro/offline.mp3?0.7300176874499167	0
RECORD Moldova	https://air.radiorecord.md/RecordMD	0
Red Radio	https://n08.rcs.revma.com/e4d84zez1duvv?rj-tok=AAABnGAZ4WoAVQ6o9Se0tWJLyw&rj-ttl=5&_=860131	0
Régió Rádió	https://stream.regioradio.info:8000/radio.mp3	0
Reintregirea	https://reintregirea.ro/sites/default/files/tema/radio.pls	0
RFI Romania	http://asculta.rfi.ro:9128/live.aac	0
RFI România - Jurnal RFI	https://asculta.radiorfi.ro/live.aac	0
RIF Romania	https://asculta.rfi.ro:8443/live.aac	0
Rock 89 Radio	http://89.39.189.40:8000/stream	0
Rock And More	https://cloud.radiosonicpanel.ro/8022/stream	0
Rock Fm Ballads	https://live.rockfm.ro/ballads.rock	0
Rock Fm Blues	https://live.rockfm.ro/blues	0
Rock Fm Hard Rock	https://live.rockfm.ro/hard.rock	0
Rock FM România	https://live.rockfm.ro/rockfm.aacp	0
Roman FM	http://live.romanfm.ro:8000/	0
Romantic FM	https://live7digi.antenaplay.ro/radioromantic/radioromantic-48000.m3u8	0
Romantic FM	https://live7digi.antenaplay.ro/radioromantic/radioromantic.m3u8	0
Romantic FM - 101.9 FM	https://s3.radio.co/s6c0a773ad/listen	0
RVE - Suceava	https://s9.yesstreaming.net:7014/stream	0
RVE Internaţional	http://162.244.80.34:9648/stream/1/	0
RVE- Radio Vocea Evangheliei- 94.2 FM	https://s9.yesstreaming.net:17014/stream	0
RVE Viena Live	https://stream.appradiofm.com/stream?url=http://s3.free-shoutcast.com:18202	0
RVE Viena muzica	http://s2.free-shoutcast.com:18028/index.html?sid=1	0
RVE Viena pentru mobil	http://s3.free-shoutcast.com:18202/index.html?sid=1	0
Select Radio	https://ssl.kenhost.ro/8028/streamhttps://streaming05.liveboxstream.uk/proxy/selectr1/stream	0
Shuffle FM	http://bluz.ro:8000/index.html?sid=1	0
Sky Radio	https://edge05.streamonkey.net/radio-plassenburg/stream/mp3?aggregator=rds24_rs15_rp_mp3	0
Space FM	https://spacefm.live/radio/8000/spacefm128	0
SpaceFM Romania	https://retro.spacefm.live/listen/spacefm_retro/retro128	0
Sport Total FM	https://livesptfm.com/SPTFM/Live/playlist.m3u8	0
Squad Radio Floresti	https://fps3.listen2myradio.com:2199/listen.php?ip=109.169.23.124&port=9447&type=s1	0
Star FM Sebes	http://188.27.233.177:8080/	0
SuperFM Brașov	https://live.superfm.ro/stream.mp3	0
Supersonic Radio	https://s5.radio.co/s08e5c5875/listen	0
Supravibe Radio	https://supraviberadio-radiohosting.radioca.st/stream	0
Sweet FM 95.9	https://live.gofm.ro:2000/stream/SWEET/stream.mp3	0
Șerby Internet Radio Project	http://whsh4u-clients.com:9173/stream	0
TANANANA	http://asculta.radiofxnet.ro:8000/stream	0
tequila fm	http://necenzurat.radiotequila.ro:7000/stream	0
Tomorrowland One World Radio	https://23613.live.streamtheworld.com/OWR_INTERNATIONAL.mp3	0
TRADIȚIONAL / POPULAR - Radio Calea Spre Cer LIVE 24/7	https://panel.radiocaleasprecer.com/radio/8020/radio.mp3	0
True LIfe In God Radio Romanian	https://stream.tligradio.org/listen/romanian/radio.mp3	0
U2 - STAY (FARAWAY,SO CLOSE!)	https://audio-ssl.itunes.apple.com/itunes-assets/AudioPreview126/v4/d4/17/ba/d417bac2-8a5b-8e05-29c4-201a62743e56/mzaf_12118631932809638636.plus.aac.p.m4a	0
Vibe FM Romania	https://radio.sonicpanel.ro/8052/stream	0
Virgin Radio (Radio 21)	https://s2.myradiostream.com:4520/listen.mp3?nocache=1682446803	0
Virgin Radio Romania	https://virginradio.ro/VirginRadioRomania-live.m3u	0
Viva FM	https://cloud.radiosonicpanel.ro:10997/index.html?sid=1	0
Viva FM Iași	https://cloud.radiosonicpanel.ro:8002/stream	0
Vox FM 886	http://stream.voxfm.ro:8000/stream/1/?type=.mp3	0
Vox Rdi	http://stream.voxfm.ro:8000/stream/1/	0
West City Radio	https://live.westcityradio.ro:8443/mp3	0
WiFi FM	https://27803.mc.tritondigital.com/IVOOX_0_128_P/media-session/c0b864ca-52ed-44a3-b8c0-3866074a79d4/8849fa3160-episode-1-2021-audios-mp3_mw_76657774_10977843d4eae86f3cd4d7532a817da792c8a0c11be9bb870f46966b38b86609_1.mp3?gdpr=1	0
Work From Home radio	http://cristim84.radi0.im:8000/stream.nsv	0
Xtend Radio	https://live.xtendradio.ro/mp3	0
YOU FM Romania	https://live.radionoise.ro:9100/stream	0
Zona Libera Raptz	https://listen.radioking.com/radio/41620/stream/78175	0
ZOOM-Z - HitMusicStation	http://streamingp.shoutcast.com/JamendoLounge?lang=*	0
Русское Радио	http://rusradio.hostingradio.ru/rusradio96.aacp	0
