**radio Ardeal Fm**your Official Station! (chat) radio	https://cloud.radiosonicpanel.ro:9090/index.html?sid=1	0
...::: Radio Popular Romania :::... | populara | sarbe | hore | manele vechi|	https://free.rcast.net/14624	0
077radio	http://strw3.openstream.co/264?aw_0_1st.collectionid%3D377%26stationId%3D377%26publisherId%3D84%26k%3D1766244832	0
077Radio 70XL	https://strw3.openstream.co/457?aw_0_1st.collectionid%3D6993%26stationId%3D6993%26publisherId%3D277%26k%3D1766244832	0
100% Românesc Radio	https://live.radioclasic.com/listen/radio_clasic_romanesc/live.mp3	0
1000 Hits Best Of Rock Listen live	https://1000hitsbestofrock.stream.laut.fm/1000hits_best_of_rock?t302=2025-12-20_15-32-23&uuid=ca6e785f-ed95-4451-9385-14dfe20edc9c	0
1000000 FM	https://strw3.openstream.co/1487?aw_0_1st.collectionid%3D4682%26stationId%3D4682%26publisherId%3D1511%26k%3D1766244833	0
101FM - 90er Listen live	https://0-2490erpoprock.stream.laut.fm/0-24_90er_pop_rock?t302=2025-12-20_15-32-24&uuid=9bff8f4f-6f37-41c9-b758-d51679d098c8	0
5FM - Online Dance Station	http://82.208.143.10:8000/;	0
5FM – Online Dance Station	https://c22.radioboss.fm:8700/stream	0
90s 3neRgY	https://ssl.omegahost.ro/8010/stream	0
ACF – Alien Club Fantasy – RO	http://radio.club-fantasy-hub.ro:8000/stream/1/	0
Agnus Rádió 88.3 FM	http://strw3.openstream.co/390?aw_0_1st.collectionid%3D2676%26stationId%3D2676%26publisherId%3D210%26k%3D1766244774	0
Alpimur	https://sonic1-rbx.cloud-center.ro/8046/stream	0
Alpimur Mulatos Radio	https://ssl.radios.show/8504/stream	0
Alpimur Radio	https://ssl.asculta.live/8444/stream	0
AltRock Radio	https://radioclasic.ro:8506/stream	0
AMBIENTO	https://strw3.openstream.co/390?aw_0_1st.collectionid%3D2676%26stationId%3D2676%26publisherId%3D210%26k%3D1766244861	0
Ambiento	https://strw3.openstream.co/390?aw_0_1st.collectionid%3D2676%26stationId%3D2676%26publisherId%3D210%26k%3D1766244770	0
Ambiento Radio	https://strw3.openstream.co/390?aw_0_1st.collectionid%3D2676%26stationId%3D2676%26publisherId%3D210%26k%3D1766244622	0
Antenna Web Costanza Radio	https://halo.streamerr.co/listen/italiavera/stream.mp3	0
Arad FM 102.9	http://s3.myradiostream.com:7022/listen.mp3	0
Arena FM Calarasi	http://live.crazyradio.ro:8024/stream	0
ARGES MIOVENI NR1	http://89.39.189.53:8000/	0
ARGES MIOVENI NR1 _ByDjNusu_ Romania Populara Petrecere Etno	https://free.rcast.net/16918	0
ARGES MIOVENI NR1 _ByDjNusu_ romania populara petrecere etno manele	https://free.rcast.net/14143	0
autobazaradio	http://s3.myradiostream.com:7022/listen.m4a	0
AutobazaRadio	http://s3.myradiostream.com:7022/	0
Balcan Radio Manele	https://sonic2-rbx.cloud-center.ro/8006/stream	0
Best Dance Radio	https://sonic1-rbx.cloud-center.ro/8018/	0
Biblia Audio - Radio Calea Spre Cer	https://panel.radiocaleasprecer.com/radio/8010/radio.mp3	0
Big FM – Deva – RO-HD	http://82.208.143.10:8000/listen.pls	0
BigFM Deva	http://82.208.143.10:8000/	0
BIN Radio	http://lyra.shoutca.st:8295/?1514281429814	0
Bistrita FM	http://audio-edge-hy4wy.blr.d.radiomast.io/66f238bb-8b61-4196-a8c3-28aea07235e8	0
Bistrita FM radio	https://audio-edge-cmc51.fra.h.radiomast.io/66f238bb-8b61-4196-a8c3-28aea07235e8	0
Bitter Sweet Music	https://sonicssl.namehost.ro/8520/stream	0
Black Rhino Radio	https://blackrhinoradio.out.airtime.pro/blackrhinoradio_a	0
Blue Jazz Radio	https://radioclasic.ro:8536/stream	0
Blues powered by Rock FM	https://live.kissfm.ro/blues	0
Boom Rock Radio	https://stream.radioboom.ro:8520/radio.mp3	0
Brixentaler Radio	https://brixentalerradio.stream.laut.fm/brixentalerradio	0
Buzera electronic music	https://radio.buzera.ro/calm	0
Calm - Radio Dacia	http://5.2.198.216:8016/index.html?sid=1	0
Calm – Radio Dacia	https://streaming.napocalive.ro/radio-dacia04	0
Capital FM	http://live.capitalfm.ro:8020/	0
Capital FM – Bucharest – RO-B	http://etno.capitalfm.ro:7000/index.html?sid=1	0
Capital Fm Colinde	http://colinde.capitalfm.ro:8020/stream	0
Capital FM Manele	http://manele.capitalfm.ro:8020/stream	0
Capital FM Populara	http://etno.capitalfm.ro:7000/stream	0
Capital FM Romania - www.capitalfm.ro	https://free.rcast.net/254819	0
Center Deejay Radio	https://stream.djradio.ro/listen/dj_radio_romania/aac	0
CFM Constanta radio	http://stream2.radiocfm.ro:9290/index.html?sid=1	0
Chill-Out - Radio Record Listen live	https://radiorecord.hostingradio.ru/chil96.aacp	0
City Radio	http://89.39.189.52:8000/stream/	0
City Rádió	http://live.city-radio.ro:8800/	0
City Rádió – RO-BV	https://mscp1.gazduireradio.ro/cityradio	0
City Rádió 106.4 FM	http://live.city-radio.ro:8800/index.html?sid=1	0
City radio romania	http://live.city-radio.ro:8800/stream.mp3	0
City Rdi	http://live.city-radio.ro:8800/stream	0
Clasic Radio Romania	http://www.clasicradio.ro:8000/	0
Classic Mix - Radio Dacia	http://5.2.198.216:8018/index.html?sid=1	0
Classic Mix – Radio Dacia	https://streaming.napocalive.ro/radio-dacia05	0
Club Fantasy Hub	http://club-fantasy-hub.ro:8000/index.html?sid=1	0
ClubMix	http://live.radioclubmix.ro:9999/	0
ClubMix Radio Romania	https://free.rcast.net/252573	0
Clubradio	https://live.clubradio.ro/listen/clubradio/live	0
Cozy FM	https://live.cozyfm.ro:8010/live	0
Cozy FM – RO	http://live.cozyfm.ro:8000/	0
Crazy Radio	http://live.crazyradio.ro:8024/index.html?sid=1	0
Dance FM – Cluj-Napoca – RO-CJ	https://www.profm.ro/static/radio/winamp/dancefm.m3u	0
Dance FM Romania Radio	https://stream02.pcradio.biz/dancefm_ro-med	0
DanceFM	http://stream.darkedge.ro:8000/stream.nsv	0
DanceFM 89.5	http://5.35.214.196:8000/index.html	0
Dark Edge Radio	http://stream.darkedge.ro:8000/index.html	0
Dark Edge Radio – Bucharest – RO-B	https://stream.darkedge.ro:8002/index.html	0
Dark Edge Radio Listen live	https://stream.darkedge.ro:8002/stream/3/	0
DeeaRadio	http://live.radiodeea.ro:8090/listen.pls	0
Deep House Music	http://stream1.radiocfm.ro:9290/	0
Deep House Radio	http://live.dancemusic.ro:7000/index.html?sid=1	0
Deep House Radio	http://live.dancemusic.ro:7000/stream.rq40	0
Deep House Radio - Bucharest - Romania -	https://free.rcast.net/249460	0
Deep House Radio - Bucharest Romania	http://live.dancemusic.ro:7000/listen.pls?sid=1	0
Deep House Radio – Bucuresti – RO-B	http://live.dancemusic.ro:7000/stream	0
Deep House Radio (Bucharest)	https://stream02.pcradio.biz/rad_dncmscb-med	0
Deep Radio Hits	https://deep-adradio.radioca.st/stream?stationId=8485&publisherId=deep1	0
definite retro	http://live.radiofunky.ro:8888/index.html	0
Digi FM Radio	https://stream02.pcradio.biz/digifm_ro-med	0
Disco Mix	https://play.discomix.ro/cp/	0
Disco Mix radio	https://sonic1-rbx.cloud-center.ro/8002/stream	0
Disco Mix Radio	https://play.discomix.ro/8002/stream	0
DJ Radio Romania	https://stream.djradio.ro/radio/8000/stream.mp3	0
DJ Radio Romania	https://stream.djradio.ro/listen/dj_radio_romania/stream.mp3	0
djlive Radio	https://radiorot.ovh:8000/radio.mp3	0
Doctor FM Romania	https://adradio.ro/	0
Doina	http://89.43.138.116:8000/radiodoina.mp3	0
Dolfijn FM Latin Listen live	https://radiostreamfm.com/radio/8000/dolfijnlatin.mp3	0
DuxRadio radio	https://radio.duxradio.ro/8002/stream	0
DWG RADIO RO	https://server23644.streamplus.de/stream.mp3/type=mp3	0
EBS | Romanian Gold	https://azura.ebsmedia.ro/listen/romaniangold/romaniangold128.mp3	0
EBS Alt	https://azura.ebsmedia.ro/radio/8020/alternative320.aac	0
EBS Blues	https://azura.ebsmedia.ro/radio/8050/blues320.aac	0
EBS Cantece de petrecere	https://azura.ebsmedia.ro/radio/8170/petrecere320.aac	0
EBS Classical	https://azura.ebsmedia.ro/radio/8090/classical320.aac	0
EBS Dolce Vita	https://azura.ebsmedia.ro/radio/8110/dolcevita320.aac	0
EBS Electro	https://azura.ebsmedia.ro/radio/8040/electro320.aac	0
EBS Fresco	https://azura.ebsmedia.ro/radio/8120/fresco320.aac	0
EBS Jazz	https://azura.ebsmedia.ro/radio/8030/jazz320.aac	0
EBS Local	https://azura.ebsmedia.ro/radio/8060/local320.aac	0
EBS Lounge	https://azura.ebsmedia.ro/radio/8180/lounge320.aac	0
EBS Magyar Zene	https://azura.ebsmedia.ro/radio/8160/hungarian320.aac	0
EBS Movie Soundtracks	https://azura.ebsmedia.ro/radio/8100/movies320.aac	0
EBS Music	https://azura.ebsmedia.ro/radio/8000/music320.aac	0
EBS Nostalgie	https://azura.ebsmedia.ro/radio/8070/nostalgie320.aac	0
EBS Nouvelle Vague	https://azura.ebsmedia.ro/radio/8130/nouvelle320.aac	0
EBS Radio - Alternative	http://azura.ebsmedia.ro:8020/alternative320.aac	0
EBS Radio - Classical	http://azura.ebsmedia.ro:8090/classical320.aac	0
EBS Radio Alternative	https://azura.ebsmedia.ro/radio/8020/alternative128.mp3	0
EBS Radio Blues	https://azura.ebsmedia.ro/radio/8050/blues128.mp3	0
EBS Radio Cantece de petrecere	https://azura.ebsmedia.ro/listen/petrecere/petrecere128.mp3	0
EBS Radio Cântece de petrecere	https://azura.ebsmedia.ro/radio/8170/petrecere128.mp3	0
EBS Radio Classical	https://azura.ebsmedia.ro/radio/8090/classical128.mp3	0
EBS Radio Cluj-Napoca	https://azura.ebsmedia.ro/radio/8010/live128.mp3	0
EBS Radio Country	https://azura.ebsmedia.ro/listen/country/country128.mp3	0
EBS Radio Dolce Vita	https://azura.ebsmedia.ro/radio/8110/dolcevita128.mp3	0
EBS Radio Electro	https://azura.ebsmedia.ro/radio/8040/electro128.mp3	0
EBS Radio Fresco	https://azura.ebsmedia.ro/radio/8120/fresco128.mp3	0
EBS Radio Jazz	https://azura.ebsmedia.ro/radio/8030/jazz128.mp3	0
EBS Radio Local	https://azura.ebsmedia.ro/radio/8060/local128.mp3	0
EBS Radio Lounge	https://azura.ebsmedia.ro/radio/8180/lounge128.mp3	0
EBS Radio Magyar Zene	https://azura.ebsmedia.ro/radio/8160/hungarian128.mp3	0
EBS Radio Movie Soundtracks	https://azura.ebsmedia.ro/radio/8100/movies128.mp3	0
EBS Radio Music	https://azura.ebsmedia.ro/radio/8000/music128.mp3	0
EBS Radio Nostalgie	https://azura.ebsmedia.ro/radio/8070/nostalgie128.mp3	0
EBS Radio Nouvelle Vague	https://azura.ebsmedia.ro/radio/8130/nouvelle128.mp3	0
EBS Radio Romanian Folk	https://azura.ebsmedia.ro/radio/8150/romanianfolk128.mp3	0
EBS Radio Romanian Gold	https://azura.ebsmedia.ro/radio/8140/romaniangold128.mp3	0
EBS Romanian Folk	https://azura.ebsmedia.ro/radio/8150/romanianfolk320.aac	0
EBS Romanian Gold	https://azura.ebsmedia.ro/radio/8140/romaniangold320.aac	0
EBS Xmas	https://azura.ebsmedia.ro/radio/8190/xmas320.aac	0
Energie - Radio Dacia	http://5.2.198.216:8010/index.html?sid=1	0
Energie – Radio Dacia	https://streaming.napocalive.ro/radio-dacia01	0
Energy FM Romania	http://radio.streemlion.com:1680/index.html?sid=1	0
Enjoy Radio	http://89.39.83.158/radio/8000/enjoylive.mp3	0
Enjoy Radio	https://live.enjoyradio.ro/radio/8000/enjoylive.mp3	0
Epic Tones Radio	https://s4.radio.co/s35c414576/listen	0
Ercis FM Radio	https://stream02.pcradio.biz/rad_ercsfmrdro-med	0
eTeatru	https://s3.radio.co/s1492c0564/low	0
Eteatru FM	http://static.srr.ro/audio/articles/3321/art-audio-1387671-tristan.mp3	0
Europa FM (Bucharest) Radio	https://stream02.pcradio.biz/europafm_ro-med	0
Exclusively Savage Garden Listen live	https://2.mystreaming.net/er/savagegarden/icecast.audio	0
Expert FM Manele – Bucuresti – RO-B	http://expertfm.zapto.org:8000/index.html?sid=1	0
Extravaganza Radio	https://s3.radio.co/s1492c0564/listen	0
ExtravaganzaRadio	http://s3.radio.co/s1492c0564/low	0
Favorite FM	http://media.xseu.net/FavoriteFM?type=.mp3	0
FavoriteFM	http://media.xseu.net/FavoriteFM	0
FavoriteFM Listen live	https://media.xseu.net:5443/FavoriteFM	0
FavoriteFM radio	https://media.xseu.net/FavoriteFM	0
Fără Cuvinte	https://radio.gazduirejocuri.ro/8010/stream	0
Fără Cuvinte Radio	https://c32.radioboss.fm:8440/stream	0
Five Fm Romania - www.5fm.ro	https://free.rcast.net/259243	0
Flame Radio	https://a6.asurahosting.com:7010/radio.mp3	0
FLOARE DE LOTUS 2	https://sonicssl.namehost.ro/8735/stream	0
Flora TM – Timişoara – RO-TM	http://s2.radio.co/s57984e821/listen.m3u	0
FM Radio Manele	http://a.fmradiomanele.ro:8054/stream	0
Focus FM	http://live.focusfm.ro:8000/index.html?sid=1	0
Focus FM	http://live.focusfm.ro:8000/focusfmhigh.ogg	0
Free FM Bucarest	https://rocafmadrid.radioca.st/	0
Free FM Rock, Bucharest radio	https://freefmrock.radioca.st/stream	0
Free FM România radio	https://rocafmadrid.radioca.st/stream	0
Fresh FM	https://radio.onlinehost.ro/listen/freshfm/radio.mp3	0
Fun FM 87.6	http://15113.live.streamtheworld.com/SAM05AAC080_SC	0
Fun Radio FM	http://live.gofm.ro:9128/stream	0
Gangsta' Dance	http://dance.radiogangsta.ro:8800/stream.nsv	0
Geta Radio	https://stream.clever-host.ro/8010/stream	0
Gherla FM	http://89.39.189.52:8000/	0
GherlaFM	http://89.39.189.52:8000/stream	0
GherlaFM	http://89.39.189.70:8000/index.html?sid=1	0
Glasul Nordului 2	https://ssl.radios.show/8052/	0
Glasul Nordului 2 radio	https://ssl.asculta.live/8110/stream	0
Glasul Nordului radio	https://ssl.asculta.live/8096/stream	0
Go FM (Sibiu) Radio	https://stream02.pcradio.biz/gofm_ro-med	0
Go Jazz	https://live.gofm.ro:2020/stream/gojazz/stream.mp3	0
Go Rebel	https://live.gofm.ro:2020/stream/goRebel/stream.mp3	0
Go Rock	https://live.gofm.ro:2020/stream/gorock/stream.mp3	0
goCAFE Radio	https://live.gofm.ro:9128/stream	0
GoFM - goJAZZ	http://live.gofm.ro:8016/stream	0
GoFM - goREBEL	http://live.gofm.ro:8024/stream	0
GoFM - goROCK	http://live.gofm.ro:8020/stream	0
goFM Mobile Radio	https://live.gofm.ro:2000/stream/gofmmobile	0
goFM radio	https://live.gofm.ro:2000/stream/gofmro	0
gofm.ro	http://live.gofm.ro:9128/	0
goJAZZ	https://live.gofm.ro:2020/stream/goJAZZ	0
goJAZZ Radio	https://live.gofm.ro:2000/stream/goJAZZ	0
GoldFM	http://80.86.106.110:8002/	0
goREBEL	https://live.gofm.ro:2000/stream/goREBEL/stream.mp3	0
goREBEL – RO-SB	http://live.gofm.ro:8024/index.html?sid=1	0
goREBEL Radio	https://live.gofm.ro:2000/stream/goREBEL	0
goROCK	https://live.gofm.ro:2020/stream/goROCK	0
goROCK Radio	https://live.gofm.ro:2000/stream/goROCK	0
GreenStone FM	https://stream.clever-host.ro/8018/stream	0
Guerrilla Radio	http://live.radiomynele.ro:8000/stream.nsv	0
Gyergyoi Szekely Radio	http://live.szekelyradio.top:8000/live	0
Hard Rock by Rock FM Romania	https://live.rockfm.ro/hard.rock	0
Hard Rock powered by Rock FM	https://live.kissfm.ro/hard.rock	0
Hit Radio romania	http://live.radio-hit.ro:8500/stream	0
HitFM Manele	http://asculta.radiohitfm.net:8340/index.html?sid=1	0
hitradio Listen live	https://hitradio.stream.laut.fm/hitradio?ref=radiode&t302=2025-12-20_15-32-19&uuid=a14dd79c-a8f5-416d-bcb2-5900e5f40378	0
hit-radio-deutschland Listen live	https://hit-radio-deutschland.stream.laut.fm/hit-radio-deutschland?ref=radiode&t302=2025-12-20_15-32-20&uuid=6f9a84e9-a7b0-4438-af3f-3f10c2af4d9c	0
Hitz Station Cluj Napoca	http://cristim84.radi0.im:8000/index.html?sid=1	0
Impact FM Radio	https://stream.clever-host.ro/8008/stream	0
Info Pro Radio	http://635.cloudrad.io:8092/live/	0
Info Romania	https://radio.sonicpanel.ro/8010/stream	0
Insomnia FM radio	https://insomniafm.cloudrad.io/@shoutcast	0
Insomniafm	https://insomniafm.cloudrad.io/index.html?sid=1	0
Instrumental Music	http://streamingp.shoutcast.com/JamendoLounge?lang=*	0
Itsy Bitsy FM	http://ortodoxradio.ro:8000/stream48	0
Jazz FM Romania	http://s4.radio.co/s1e25bf273/listen	0
Jazz FM România	https://s4.radio.co/s1e25bf273/listen	0
Jurnal FM	https://ssl.radios.show:7009/stream	0
KAGO - The Rock 94.9 FM Listen live	https://ice6.securenetsystems.net/KAGOFM	0
Kiss FM	https://live.magicfm.ro:8443/magicfm.aacp	0
Kiss FM	https://live.kissfm.ro:8443/kissfm.aacp	0
Kiss FM (Bucharest) Radio	https://stream02.pcradio.biz/kissfm_ro-med	0
KISS FM 96.1	http://live.kissfm.ro/kissfm.aacp	0
Kiss FM MiX Radio	http://solid1.streamupsolutions.com:55040/radiokiss	0
Kiss Fm Ro	https://www.kissfm.ro/listen.pls	0
Koronarádió Brassó	https://s7.citrus3.com:8022/stream	0
Lautaru Populara	http://live.radiolautaru.ro:9000/stream.nsv	0
Liberty muzica romaneasca	http://romaneasca.radioliberty.ro:1989/	0
LifeGate Radio Blues Listen live	https://stream6.xdevel.com/audio3s975809-440/stream/icecast.audio	0
LokaFm Manele	https://sonic.globalstream.pro:10945//live	0
LOUDCITY.FM	http://185.105.4.53:3006/index.html?sid=1	0
MAGIA INIMII TALE Radio	https://a9.asurahosting.com:7030/radio.mp3	0
Magic FM	https://live.magicfm.ro/magicfm.aacp	0
Magic FM Radio	https://stream02.pcradio.biz/magicfm_ro-med	0
Magic Gold Hits	https://live.magicfm.ro/magic.gold.hits	0
Magic Gold Hits	https://live.kissfm.ro/magic.gold.hits	0
Magic Party Mix	https://live.kissfm.ro/magic.party.mix	0
Magic Party Mix by Magic FM Romania	https://live.magicfm.ro/magic.party.mix	0
Magic Sunset	https://live.magicfm.ro/magic.lite	0
Magic Sunset	https://live.kissfm.ro/magic.lite	0
Manele Premium	https://strw3.openstream.co/1331?aw_0_1st.collectionid%3D5779%26stationId%3D5779%26publisherId%3D1355%26k%3D1766244839	0
Manele Vechi  Romania	http://asculta.radioxnet.ro:8888	0
Mária Rádió Erdély 102.2 FM	http://stream.clever-host.ro/8006/stream	0
Marionet Radio	https://stream.clever-host.ro/8006/stream	0
Marlene Radio	https://live.gofm.ro:2000/stream/MARLENERADIO	0
MB MUSIC RADIO	https://s33.myradiostream.com:16150/listen.mp3?nocache=1766244753	0
MB Music Radio – Constanța – RO-CT	http://s33.myradiostream.com:16150/index.html?sid=1	0
MB MUSIC RADIO ROMANIA	https://free.rcast.net/247006	0
MDI FM	https://www.mdifm.ro/listen_mdifm.pls	0
Medias fm	http://mediasfm.eushells.ro:8082/stream.nsv	0
MegaHit	https://media.xseu.net/MegaHit	0
MegaHit	http://media.xseu.net/MegaHit	0
MegaHit radio	https://air.broadcastinggroup.ro:5443/MegaHit	0
MegaHit Romania	https://air.broadcastinggroup.ro/MegaHit	0
Miloș	https://sonicssl.namehost.ro/8005/stream	0
Miloș Radio	http://radiomilos.ro:8803/stream	0
Mixmusic Radio	http://mixmusic-radio.zapto.org:8890/index.html?sid=1	0
MixMusic Radio	http://listen.mixmusicradio.ro:8890/index.html?sid=1	0
MixMusic Radio România	http://mixmusicdance.zapto.org:8890/	0
MixMusic Radio România	https://sonicssl.namehost.ro/8890/stream	0
Moinești FM Radio	https://listen.moinestifm.ro/radio.mp3	0
Mood	http://192.111.140.11:8528/index.html?sid=1	0
Mood On Music #Deep	http://ec2.yesstreaming.net:1810/stream	0
Mood On Music #Deep	https://ec2.yesstreaming.net:1810/stream	0
Muntenia FM 105.7	http://ssl.radios.show/8012/stream	0
Music Land Radio	http://sonic1-rbx.cloud-center.ro:8068/index.html?sid=1	0
Napoca FM radio	https://streaming.napocalive.ro/napoca-fm	0
Nationa FM	https://www.nationalfm.ro/assets/national-fm.pls	0
News Radio	https://servidor22-2.brlogic.com:7250/live	0
News Radio Botosani	http://servidor22-2.brlogic.com:7250/live	0
nomanslandradio	http://myradiostream.com/NoMansLand	0
NOVA FM 98.2	http://86.125.106.34:8000/stream	0
Nova FM 98.2 Brasov	http://86.125.106.34:8000/	0
NOVA FM 982	http://86.125.106.34:8000/live	0
Nova22	https://s2.myradiostream.com:4520/listen.mp3?nocache=1766244756	0
Nova22 radio	https://s2.myradiostream.com:4520/listen.m4a	0
One FM Romania	http://ortodoxradio.ro:8000/stream64	0
One Vibe Radio	https://live.oneviberadio.eu:8012/stream	0
One World Radio	http://27953.live.streamtheworld.com/OWR_INTERNATIONAL_ADP/HLS/playlist.m3u8	0
One World Radio	https://23623.live.streamtheworld.com/OWR_INTERNATIONAL.mp3	0
OneFM	http://live.crazyradio.ro:8024/index.html?sid=1	0
OneFM Listen live	https://live.onefm.ro/onefm.aacp	0
Ortodox Radio	https://www.ortodoxradio.ro:9000/stream	0
Ortodox Radio – RO	https://www.ortodoxradio.ro:8000/stream64	0
OXO Radio	https://s4.ssl-stream.com/listen/oxo_radio/radio.mp3	0
P4 Sjuhärad Listen live	https://edge1.sr.se/gammal	0
Paradis - Radio Dacia	http://5.2.198.216:8012/index.html?sid=1	0
Paradis – Radio Dacia	https://streaming.napocalive.ro/radio-dacia02	0
Party Mix	https://sonic2-rbx.cloud-center.ro/8004/partymix	0
Party Mix Radio	https://play.discomix.ro/8004/stream	0
Pink Radio	http://pink.exyuserver.com/stream	0
Play 90&#039;s	http://a.fmradiomanele.ro:8054/;stream.nsv	0
Play 90s	http://radiototal.radioca.st/stream/	0
Play 90's	http://live.playradio.org:9090/90HD	0
Play Radio	https://live.playradio.org:8443/90HD	0
Play Radio - Play Cafe	https://live.playradio.org:8443/CafeHD	0
Play Radio - Play Urban	https://live.playradio.org:8443/UrbanHD	0
Play Radio 91.6	http://live.playradio.org:9090/FMHD	0
Play Radio Cafe	http://live.playradio.org:9090/CafeHD	0
Play Radio Constanta	https://live.playradio.org:8443/FMHD	0
Play Radio Hit	https://strw3.openstream.co/1421?aw_0_1st.collectionid%3D4573%26stationId%3D4573%26publisherId%3D1445%26k%3D1766244632	0
Play Radio Hit Romania	https://strw3.openstream.co/1421?aw_0_1st.collectionid%3D4573%26stationId%3D4573%26publisherId%3D1445%26k%3D1766244751	0
Play Radio Romania	https://stream02.pcradio.biz/playradio_org-med	0
Play Urban	http://live.playradio.org:9090/UrbanHD	0
PlayMusic FM	http://stream.playmusicfm.info:9000/stream	0
PlayMusic FM – Bucuresti – RO-B	http://stream.playmusicfm.info:9000/index.html?sid=1	0
PlayMusic FM Romania	https://free.rcast.net/400	0
Plusz FM (Nagyvárada)	https://stream.nextradio.live/listen/nextradio/NextHD	0
Positively Sleep Classical Listen live	https://3.mystreaming.net/pr/sleepclassical/icecast.audio	0
Power FM Romania	https://ssl.radios.show/8012/stream	0
PowerPlayFM In Memoria lui Dj George radio	http://radio.sonicpanel.ro:8086/stream	0
Predic Radio	https://s16.myradiostream.com/:15576/listen.mp3	0
Prima Radio Udvarhely 87.9 FM	http://live.prodjradio.net:8000/index.html?sid=1	0
ProB Radio	http://live.radioprob.ro:8888/stream	0
ProFM HOT	http://asculta.radioxnet.ro:8888/stream/1/	0
ProFM Radio	https://stream02.pcradio.biz/profm_ro_main-med	0
RADAIO ROMANCE21.ROMANIA	https://free.rcast.net/200392	0
Radio 1 Manele	http://live.radiounumanele.ro:8000/index.html?sid=1	0
Radio 1 Manele	http://radio1manele.no-ip.org:8000/listen.pls?sid=1\u0026title=RADIO%2	0
Radio 1 Manele – RO-BV	http://radio1manele.no-ip.org:8000/index.html?sid=1	0
RADIO 1 MANELE ROMANIA - wWw.RadioUnuManele.CoM HOSTAT de HostClean.Ro	https://free.rcast.net/246955	0
Radio 90 Hit	https://live.90hit.ro:8000/stream	0
Radio 90 Hit	https://live.90hit.ro:8000/listen.mp3	0
Radio 90 Hit radio	https://live.90hit.ro:8000/radio.mp3	0
Radio Accent	http://86.122.157.14:8900/	0
Radio Accent Oltenia 96.2 FM	http://86.122.157.14:8900/stream.nsv	0
Radio Accent Oltenia 96.2 FM	http://86.122.157.14:8900/stream	0
Radio Alert Manele	http://radioalertmanele.zapto.org:8888/stream	0
Radio Alert Manele	http://radioalertmanele.zapto.org:8888/	0
Radio Alert Manele radio	http://radioalertmanele.zapto.org:8888/stream.nsv	0
Radio Anna Fm	https://ssl.kenhost.ro//8010/stream	0
Radio APM ROMANIA petrecere manele dance	https://free.rcast.net/258531	0
Radio Aquila – Bucharest – RO-B	https://www.radio-aquila.ro/listen.pls	0
RADIO ARDEAL FM (CHAT)	https://cloud.radiosonicpanel.ro/9090/stream	0
Radio Ardeal Fm Chat (Colinde in timpul sarbatorilor de iarna)	https://cloud.radiosonicpanel.ro/7877/stream	0
Radio Ardeal Fm Select	https://cloud.radiosonicpanel.ro:9090/stream?	0
Radio Arges Mioveni Nr1	http://89.39.189.53:8000/stream/1/	0
Radio AS petrecere	http://89.39.189.78:8001/	0
Radio AS Petrecere	http://radioas.radi0.im:8001/stream	0
Radio AS Tarnaveni	http://195.225.143.222:8000/	0
Radio Ascor – Cluj-Napoca – RO-CJ	http://radioascorcluj.go.ro:8000/lisen	0
Radio A-Tentat Bucuresti	http://sonicpanel.hostclean.ro:8066/stream/	0
Radio AtentatFm	http://sonicpanel.hostclean.ro:8066/stream	0
Radio AtentatFm radio	https://ssl.omegahost.ro/8066/stream	0
Radio Auraton Listen live	https://auraton.stream.laut.fm/_a_u_r_a_t_o_n_	0
Radio Babilon – RO	https://philae.shoutca.st/tunein/radiobabilon.pls	0
Radio Badita Popular	http://89.39.189.29:8000/	0
Radio Badita Popular	http://89.39.189.29:8000/stream	0
Radio Badita Popular radio	http://89.39.189.29:8000/stream.nsv	0
Radio Balkan Romania	https://radio.sonicpanel.ro/8102/stream	0
Radio Balkan Romania	https://live.radiobalkan.ro/8102/stream	0
Radio Banat	http://live.radiobandit.ro:8000/320.mp3	0
Radio Banat Timisoara	http://live.radiobanatfm.com:8002/	0
Radio Banatlink	http://live.radiobanatfm.com:8002/stream/	0
Radio Bandit	http://live.radiobandit.ro:8000/bandit.mp3	0
Radio Bandit – Bucharest – RO-B	http://live.radiobandit.ro:8000/index.html?sid=1	0
Radio Baraka	https://ice.streams.ovh:1165/stream	0
Radio Beat	https://sonicssl.namehost.ro/8500/stream	0
Radio Beat Romania	http://radiobeat.ro:8100/	0
RADIO BEETHOVEN	http://live.radioclubmix.ro:9999/index.html	0
Radio Beethoven	https://live.radioclasic.com/listen/radio_clasic_beethoven/live.mp3	0
Radio Blaj	http://ssl.radios.show/8016/stream	0
Radio Blaj radio	https://ssl.radios.show/8016/stream	0
Radio Blue	https://ssl.omegahost.ro/8014/stream	0
Radio Blue Romania	https://asculta.muzicaok.de:8002/stream	0
Radio Blue-City	http://54.37.75.26:8000/index.html?sid=1	0
Radio Brasov	https://live.radiobrasov.ro/stream	0
Radio Brașov	https://live.radiobrasov.ro/stream.mp3	0
Radio Bubuiala	https://ssl.omegahost.ro:8022/stream	0
Radio Bucovina	https://ssl.hostclean.ro/8000/stream	0
Radio Bucovina radio	https://live.radiobucovina.ro/8000/stream	0
Radio B-Zone	https://bzone.radioca.st/stream	0
Radio Cafe	https://live.radiocafe.ro:8443/live.aac	0
Radio Cafe Romania	http://live.radiocafe.ro:8048/	0
Radio Cafe Romania	http://live.radiocafe.ro:8048/live.aac	0
Radio Calea Spre Cer LIVE 24/7	https://panel.radiocaleasprecer.com/radio/8000/radio.mp3	0
Radio Calugareni FM	http://live3.radiopopular.ro:8888/index.html?sid=1	0
Radio Campesina Cubana Listen live	https://radiocampesinacubana.stream.laut.fm/radiocampesinacubana	0
Radio Campus	https://ssl.omegahost.ro:8102/;stream.nsv	0
Radio Capital FM	http://stream.capitalfm.ro:8020/stream	0
Radio Capital FM radio	https://ssl.omegahost.ro/8020/stream	0
Radio Cartier Romania	http://radiocartier.zapto.org:8048/	0
Radio Cartier Romania radio	https://live.radiocartier.eu:8048/stream	0
Radio Cernăuți – Bucharest – RO-B	https://c4.radioboss.fm/playlist/260/stream.m3u	0
Radio Certitudinea	http://perseverance.shoutca.st:8624/index.html?sid=1	0
Radio Chat Romania	https://sonicssl.namehost.ro/8008/stream	0
Radio Chef Popular	https://radio.sonicpanel.ro:8110/stream	0
Radio Ciresari	http://s3.radio.co/s6c0a773ad/listen	0
Radio Ciresarii	https://s3.radio.co/s6c0a773ad/listen	0
Radio Clasic Bach	https://live.radioclasic.com/listen/radio_clasic_bach/live.mp3	0
Radio Clasic Blues	https://live.radioclasic.com/listen/radio_clasic_blues/live.mp3	0
Radio Clasic Chopin	https://live.radioclasic.com/listen/radio_clasic_chopin/live.mp3	0
Radio Clasic Christmas	https://live.radioclasic.com/listen/radio_clasic_christmas/live.mp3	0
Radio Clasic Country	https://live.radioclasic.com/listen/radio_clasic_country/live.mp3	0
Radio Clasic Crossover	https://live.radioclasic.com/listen/radio_clasic_crossover/live.mp3	0
Radio Clasic Folk	https://live.radioclasic.com/listen/radio_clasic_folk/live.mp3	0
Radio Clasic Hits	https://radioclasic.ro:8576/stream	0
Radio Clasic Jazz	https://live.radioclasic.com/listen/radio_clasic_jazz/live.mp3	0
Radio Clasic Kids	https://radioclasic.ro:8636/stream	0
Radio Clasic Latino	https://live.radioclasic.com/listen/radio_clasic_latino/live.mp3	0
Radio Clasic Love	https://live.radioclasic.com/listen/radio_clasic_love/live.mp3	0
Radio Clasic Mozart	https://radioclasic.ro:8666/stream	0
Radio Clasic Opera	https://radioclasic.ro:8686/stream	0
Radio Clasic Popular	https://live.radioclasic.com/listen/radio_clasic_popular/live.mp3	0
Radio Clasic R’n’B/Soul	https://live.radioclasic.com/listen/radio_clasic_rnb/live.mp3	0
Radio Clasic Relax	https://live.radioclasic.com/listen/radio_clasic_relax/live.mp3	0
Radio Clasic Rock	https://live.radioclasic.com/listen/radio_clasic_rock/live.mp3	0
Radio Clasic Strauss	https://radioclasic.ro:8776/stream	0
Radio Clasic Symphony	https://live.radioclasic.com/listen/radio_clasic_symphony/live.mp3	0
Radio Clasic Vivaldi	https://live.radioclasic.com/listen/radio_clasic_vivaldi/live.mp3	0
Radio Click	http://live.radioclick.ro:8008/index.html?sid=1	0
Radio Click Romania	https://live.radioclick.ro/8008/stream	0
Radio Col De Suflet	https://dattavolt.com/8056/stream/	0
Radio Color	https://a3.asurahosting.com:7540/radio.mp3	0
Radio Colt De Suflet	https://dattavolt.com/8056/stream	0
Radio Condor	https://www.radiocondor.ro:6303/index.html?sid=1	0
Radio Condor Bucharest	http://www.radiocondor.ro:6303/	0
Radio Coresi - Christmas	http://s5.radio.co/sfb029759c/listen	0
Radio Coresi 80	https://s5.radio.co/sfb029759c/listen	0
Radio Coresi radio	https://streaming.shoutcast.com/radio-coresi	0
Radio Costesti Arges	https://play.wrhradios.com/8024/stream	0
Radio Costi	https://ssl.radios.show/8006/	0
Radio Crasna	https://ssl.omegahost.ro/8006/stream/	0
Radio Crazy radio	https://razvcarp1.radioca.st/:80/stream.mp3	0
Radio Crestin Aripi Spre Cer	http://aripisprecer.ro:8125/	0
Radio Crestin Aripi Spre Cer Instrumental	http://aripisprecer.ro:8135/	0
Radio Crestin Aripi Spre Cer Predici	http://aripisprecer.ro:8129/	0
Radio Damici radio	https://ssl.radios.show/8004/stream	0
Radio Dance RO	https://streaming.brol.tech/rtfmlounge	0
Radio Deea	https://radiodeea.nxthost.com/	0
Radio DEEA – Bucharest – RO-B	https://www.nxthost.com/radio-deea.m3u	0
Radio Deep – Bucharest – RO-B	http://live.radiodeep.ro:7500/stream	0
Radio Deep Romania	http://live.radiodeep.ro:7500/stream?1562240668368	0
Radio Delta	https://mars.streamerr.co/8152/stream	0
Radio Didu Music ©️ ™️	https://ssl.kenhost.ro/8091/stream	0
Radio DJ ONE (the OnlyTrance4U)	http://142.132.213.6:8504/stream	0
Radio Dobrogea	http://stream.arhivaradiodobrogea.ro:7000/dobrogea-mobil	0
Radio Dobrogea 99.7 FM	http://stream.arhivaradiodobrogea.ro:7000/dobrogea	0
Radio Doina	http://185.105.4.53:3000/stream.mp3	0
Radio Domeldo Live	http://185.105.4.53:3000/index.html?sid=1	0
Radio Domeldo Movie	http://cast5.servcast.net:3006/stream	0
Radio Domeldo Movie	http://185.105.4.53:3006/stream.mp3	0
Radio Dor	https://ivm.antenaplay.ro/liveaudio/radiodor/playlist.m3u8	0
Radio DOR	https://ddos.radiotaraf.ro/8181/stream	0
Radio DOR Romania	https://live7digi.antenaplay.ro/radiodor/radiodor-48000.m3u8	0
Radio Doza Colinde	https://colinde.radiodoza.eu:8146/stream	0
Radio Doza Manele radio	https://manele.radiodoza.eu:8100/stream	0
Radio Doza Urban	https://urban.radiodoza.eu:8016/index.html?sid=1	0
Radio Dragostea Nu Are Varsta	https://radio.servereradio.eu:8025/stream	0
Radio Dreams	http://radiodreams.g1.ro:3390/index.html?sid=1	0
Radio Dreams - Clasic 90's Hits	http://radiodreams.g1.ro:3399/radiodreams.g1.ro	0
Radio Dreams - Dance Hits	http://radiodreams.g1.ro:3390/radiodreams.g1.ro	0
Radio Dreams Clasic 90&#x27;s Hits	http://5.2.184.92:3399/radiodreams.g1.ro	0
Radio Dreams Dance Hits	http://5.2.184.92:3390/radiodreams.g1.ro	0
Radio Efekt	http://ssl.kenhost.ro:8900/stream	0
Radio Efekt radio	https://ssl.kenhost.ro/8900/stream	0
Radio Ekklesia radio	https://radio.sonicpanel.ro/8056/stream	0
Radio Energy	http://radio.energyzone.ro:8200/	0
Radio Esenta Fericirii 2021	https://ssl.kenhost.ro/8056/stream	0
Radio Etalon	http://asculta.radioetalon.ro:8030/index.html?sid=1	0
Radio Etno Mania	https://live.radioetnomania.com:9300/stream	0
Radio Eurocivica FM	http://eurocivica.stream.laut.fm/eurocivica?t302=2025-12-20_15-32-37&uuid=18c1afd3-aaf4-4b71-98df-3c7ead906f55	0
Radio Excentric Romania	https://asculta.radioexcentric.com:8060/stream	0
Radio Expert	http://radioexpert.servemp3.com:8000/stream.nsv	0
Radio Expert Fm radio	http://expertfm.zapto.org:8000/stream	0
Radio Extrem Live	https://radiolive.radio-extrem.com/8004/stream/	0
Radio Extrem Live	https://radiolive.radio-extrem.com/8004/stream	0
Radio FanFM-RO	http://radiofanfmro.zapto.org:8585/	0
Radio FanFM-RO – Bucharest – RO-B	http://radiofanfmro.zapto.org:8585/stream	0
Radio FanFM-RO radio	http://radiofanfmro.zapto.org:8585/stream.nsv	0
Radio Fir	https://sonic1-rbx.cloud-center.ro/8010/stream	0
Radio Fir	https://sonic1-rbx.cloud-center.ro:8060/stream	0
Radio Fix	http://89.137.76.149:8000/index.html?sid=1	0
Radio Flo Manele radio	https://live.radioflomanele.ro:8084/stream	0
Radio Flora TM	https://usa10.fastcast4u.com:9520/?type=http&nocache=1705588872	0
Radio Flora TM - Timișoara radio	https://usa10.fastcast4u.com:9520/	0
Radio Focus	http://live.focusfm.ro:8000/focusfmlow.ogg	0
Radio Focus FM	http://live.focusfm.ro:8000/focusfmhigh	0
Radio Folclor	http://asculta.radiofolclor.ro:8092/index.html?sid=1	0
Radio Folclor Buzau FM	http://live.radiofolclorbuzaufm.ro:8910/index.html?sid=1	0
Radio Folclor Muntenia	http://live.radiofolclormuntenia.ro:8008/;	0
Radio Folclor Muntenia radio	https://live.radiofolclormuntenia.ro:8008/stream	0
Radio Folclor radio	https://ssl.omegahost.ro/8092/stream	0
Radio Fun	http://stream.funradio.sk:8000/fun128.mp3	0
Radio Funky	http://popular.radiofunky.ro:8888/index.html	0
Radio Funky - Manele	http://live.radiofunky.ro:8888/index.html	0
Radio FUNKY Manele Romania	http://live.radiofunky.ro:8888/listen.pls	0
Radio FUNKY Manele Romania wWw.RadioFunky.Ro	https://free.rcast.net/251069	0
Radio Funn Romania	http://castradio.net:8080/index.html?sid=1	0
Radio FX Net	http://asculta.radiofxnet.ro:8458/	0
Radio Fx Net	http://asculta.radiosimplu.ro:8000/fx	0
Radio Fx Net radio	http://asculta.radiofxnet.ro:8000/stream	0
Radio FX Net Romania – Bucuresti – RO-B	http://89.39.189.112:8000/stream	0
Rádió Gaga	https://a3.my-control-panel.com:6660/radio.mp3	0
Radio GaGa – Târgu Mureş – RO-MS	https://www.radiogaga.ro/	0
Rádió Gaga Gyergyószék	http://asculta.radioliberty.ro:1989/;	0
Rádió Gaga Háromszék	https://a3.my-control-panel.com:6670/radio.mp3	0
Rádió Gaga Radio	https://stream02.pcradio.biz/radiogaga_ro-med	0
Rádió Gaga Udvarhelyszék	https://a3.my-control-panel.com:6680/radio.mp3	0
Radio Gangsta - Dance	http://dance.radiogangsta.ro:8800/index.html?sid=1	0
Radio Gangsta - Radio Manele	http://asculta.radiogangsta.ro:8800/stream	0
Radio Gangsta – Radio Manele	http://live.radiogangsta.ro:8800/index.html?sid=1	0
Radio Gangsta Dance	https://dance.radiogangsta.ro:8800/stream	0
Radio Gangsta Dance Romania	http://dance.radiogangsta.ro:8800/listen.pls	0
Radio Gherla - Romania	https://free.rcast.net/6939	0
Radio Gherla Romania	http://89.39.189.70:8000/stream	0
Radio Glasul Ortodoxiei	https://ssl.asculta.live/glasulortodoxiei/stream	0
Radio GMusic - Planet Funk	https://play.wrhradios.com/rgmfunky/stream	0
Radio GMusic - RGM Colinde	http://142.132.213.6:8010/stream	0
Radio GMusic - RGM Dance	http://157.90.35.96:8808/stream/	0
Radio GMusic - RGM Retro	http://142.132.213.6:8020/stream	0
Radio GMusic - RGM Rock	http://142.132.213.6:8030/stream	0
Radio GMusic - RGM Soft	http://142.132.213.6:8040/stream	0
Radio GMusic Soft	http://live.radio-hit.ro:8500/index.html?sid=1	0
Radio Gold 96.9 FM (Bucharest)	https://stream02.pcradio.biz/gold_ro-med	0
Radio Gold FM	http://80.86.106.110:8002/listen.pls	0
Radio Goldies (Oldies)	https://s10.streamingcloud.online/stream/13664/stream	0
Radio Gosen	http://ascultaradiogosen.no-ip.org:8125/listen.pls	0
RADIO GOSEN	http://ascultaradiogosen.no-ip.org:8125/	0
Radio GreenStone	http://stream.clever-host.ro:8018/stream	0
Radio Greu De Difuzat radio	https://greudedifuzat.ro/stream/	0
Radio Hip-Hop Romania	http://hip-hop.radiomaneleromania.ro:7000/;stream.nsv	0
Radio Hip-Hop Romania	http://hip-hop.radiomaneleromania.ro:7000/stream	0
Radio Hit  Manele	http://live.radio-hit.ro:8500/	0
Radio Hit FM	http://asculta.radiohitfm.ro:8340/index.html?sid=1	0
Radio HIT FM Alba	https://radio.sonicpanel.ro/8082/stream	0
Radio HiT FM Petrecere	https://live.radiohitfm.net/8989/stream	0
Radio HiTFM - Etno	http://petrecere.radiohitfm.ro:8340/stream/	0
Radio HiTFM Dance	http://dance.radiohitfm.net:8989/stream	0
Radio HiTFM Petrecere	http://petrecere.radiohitfm.ro:8340/index.html?sid=1	0
Radio HiTFM Romania	http://live.radiohitfm.net:8989/	0
Radio HITONE	https://sonic1-rbx.cloud-center.ro/8008/stream	0
Radio Holy Doctor radio	https://streaming.radioholydoctor.com/radio/8000/radio.mp3	0
Radio Hot Colinde	http://mp3.radiohot.ro:8000/index.html?sid=1	0
Radio Hot Style	http://mp3.radiohot.ro:8000/	0
Radio Hot Style	http://mp3.radiohot.ro:8000/stream	0
Radio Hot Style	https://live.radiohot.ro/8000/stream	0
Radio Hot Style – Bucharest – RO-B	https://radiohot.ro/live.m3u	0
Radio Hot Style radio	https://ssl.servereradio.ro/8000/stream	0
Radio Impuls 101.5 FM – 106.4 FM – Târgu Mureş – RO-MS	https://www.radioimpuls.ro/radio-impuls.pls	0
Radio IngeriFM – Bucuresti – RO-B	https://cloud.radiosonicpanel.ro/7099/stream	0
Radio Interpretul Buzau FM radio	http://interpretul.radiofolclorbuzaufm.ro:8910/stream	0
Radio Intex Fm	https://sonic1-rbx.cloud-center.ro:8038/stream	0
Radio Intex Fm	http://sonic1-rbx.cloud-center.ro:8038/stream	0
Radio Intexfm Dance	https://sonic1-rbx.cloud-center.ro/8040/stream	0
Radio IntexFM Dance	https://sonic1-rbx.cloud-center.ro/8048/stream	0
Radio Intexfm Etno	https://radio.sonicpanel.ro/9786/stream	0
Radio IntexFM Manele	https://sonic1-rbx.cloud-center.ro/8038/stream	0
Radio Iubire	http://89.39.189.24:7070/index.html?sid=1	0
Radio Iubire FM	http://89.39.189.24:7070/index.html?sid=1	0
Radio Iubire Romania	http://89.39.189.24:7070/stream/	0
Radio Jurnal Spiritual Radauti	https://ssl.radios.show/8008/;?1622280331508	0
Radio Jurnal Spiritual Radauti radio	https://ssl.radios.show:7009/stream/	0
Radio Kibuț	https://listen.radioking.com/radio/380248/stream/431281	0
Radio KPTV - The Rock Station	http://49.12.129.103:7222/index.html?sid=1	0
Radio Kyss Exstrem	https://ssl.kenhost.ro:8042/index.html?sid=1	0
Radio Kyss Exstrem	https://ssl.kenhost.ro:8042/stream	0
Radio Lautaru Popular	http://live.radiolautaru.ro:9000/	0
Radio Lautaru Popular – 107.7 FM – Bucuresti – RO-B	http://live.radiolautaru.ro:9000/Stream	0
Radio Liberty	https://sonicssl.namehost.ro:1989/stream/1/	0
Radio Liberty	http://asculta.radioliberty.ro:1989/	0
Radio Liberty Dance Romania  wwwRadioLibertyRo	http://asculta.radioliberty.ro:1989/stream	0
Radio Liberty Manele	http://manele.radioliberty.ro:1989/	0
Radio Liberty Manele	http://manele.radioliberty.ro:7770/stream	0
Radio Liberty Muzica Romaneasca	http://romaneasca.radioliberty.ro:7060/stream	0
Radio Liberty Oldies	http://oldies.radioliberty.ro:7790/stream	0
Radio Liberty Oldies – RO	http://oldies.radioliberty.ro:1989/index.html?sid=1	0
Radio Liberty Popular – RO	http://populara.radioliberty.ro:1989/index.html?sid=1	0
Radio Liberty Populara	http://populara.radioliberty.ro:7780/stream	0
Radio liberty slagare	http://slagare.radioliberty.ro:1989/	0
Radio Liberty Slagare	http://slagare.radioliberty.ro:7050/stream	0
Radio LibertyMP Chill radio	https://hs1.radiolibertymp.ro/listen/lmpchill/stream.mp3	0
Radio LibertyMP Drum and Bass radio	https://hs1.radiolibertymp.ro/listen/lmpdrumandbass/stream.mp3	0
Radio LibertyMP Dubstep	https://hs1.radiolibertymp.ro/listen/lmpdubstep/stream.mp3	0
Radio LibertyMP Jazz radio	https://hs1.radiolibertymp.ro/listen/lmpjazz/stream.mp3	0
Radio LibertyMP KPop	https://hs1.radiolibertymp.ro/listen/lmpkpop/stream.mp3	0
Radio LibertyMP Manele radio	https://hs1.radiolibertymp.ro/listen/lmpmanele/stream.mp3	0
Radio LibertyMP Metal	https://hs1.radiolibertymp.ro/listen/lmpmetal/stream.mp3	0
Radio LibertyMP Nostalgia	https://hs1.radiolibertymp.ro/listen/lmpnostalgia/stream.mp3	0
Radio LibertyMP Phonk	https://hs1.radiolibertymp.ro/listen/lmpphonk/stream.mp3	0
Radio LibertyMP Populara	https://hs1.radiolibertymp.ro/listen/lmppopulara/stream.mp3	0
Radio LibertyMP Reggae	https://hs1.radiolibertymp.ro/listen/lmpreggae/stream.mp3	0
Radio LibertyMP Rock radio	https://hs1.radiolibertymp.ro/listen/lmprock/stream.mp3	0
Radio LibertyMP Techno	https://hs1.radiolibertymp.ro/listen/lmptechno/stream.mp3	0
Radio live 247	https://stream19.expo-media.eu/radio/9000/aac64	0
Radio Live247	http://stream19.expo-media.eu:9000/aac64	0
Radio Live247 – Bucharest – RO-B	http://www.radiolive247.ro/stream/listen.m3u	0
Radio Love Marilena radio	https://asculta.muzicaok.de:8016/stream	0
Radio Luc radio	https://edge.audioxi.com/RED?1602930454696	0
Radio Luciana	http://80.86.106.110:8002/;	0
Radio Luciana radio	https://live.radioluciana.ro:8154/stream	0
Radio M Plus Fm radio	https://s4.ssl-stream.com/listen/radio_mplus_fm/live	0
Radio Magia Inimii Tale	https://strw3.openstream.co/1421?aw_0_1st.collectionid%3D4573%26stationId%3D4573%26publisherId%3D1445%26k%3D1766244831	0
Radio Manea Romania	https://radio.sonicpanel.ro/radiomanea/stream	0
Radio Manele	https://ssl.servereradio.ro/8044/stream	0
Radio Manele – Craiova – RO-DJ	http://b.fmradiomanele.ro:8044/index.html?sid=1	0
Radio Manele București	http://live.radiomanelebucuresti.ro:9020/index.html?sid=1	0
Radio Manele Fiță de Fiță	https://sonic1-rbx.cloud-center.ro/8036/stream	0
Radio Manele FM	http://a.fmradiomanele.ro:8054/	0
Radio Manele Mix	https://sonicpanel.namehost.ro/8020/stream	0
Radio Manele Mix	http://live.radiomanelemix.net:8020/index.html?sid=1	0
Radio MANELE Romania - wWw.RadioManeleRomania.Ro	https://free.rcast.net/66375	0
Radio Manele Vechi	http://b.fmradiomanele.ro:8044/stream	0
Radio Manele Vechi	http://b.fmradiomanele.ro:8044/index.html?sid=1	0
Radio Manele Vechi Romania – Craiova – RO-DJ	http://manele.radiopopular.ro:8000/index.html?sid=1	0
Radio Manele Vechi, Bucharest radio	http://b.fmradiomanele.ro:8044/stream.nsv	0
Radio Manele, Voluntari radio	http://a.fmradiomanele.ro:8054/stream.nsv	0
Radio Maria	https://cdn.cloudrad.io/radiomariaromania/listen.pls	0
Radio Maria 87.7-102.2 FM radio	http://dreamsiteradiocp2.com:8002/	0
Radio Maria Romania – Hungarian	http://dreamsiteradiocp4.com:8026/stream/	0
Radio Maria Romania – Oradea	http://dreamsiteradiocp2.com:8002/stream/	0
RADIO MARIA ROMANIA HUNG.	http://dreamsiteradiocp4.com:8026/stream	0
Radio Marija Romania - Hungarian	http://dreamsiteradiocp4.com:8026/index.html?sid=1	0
Radio Medias	http://mediasfm.eushells.ro:8082/listen.pls	0
Radio Medias 725	http://mediasfm.eushells.ro:8082/	0
Radio Mediaș 725	https://stream02.pcradio.biz/medias_725-med	0
Radio Mega HIT Popular	http://megahitpopular.zapto.org:9000/stream	0
Radio Mega HIT Romania	http://radiomegahit.zapto.org:8080/	0
Radio Mega-HiT Chill	https://chill.radiomegahit.eu:8004/stream	0
Radio Mega-HiT Christmas	https://craciun.radiomegahit.eu:8114/stream	0
Radio Mega-HiT Lounge	https://lounge.radiomegahit.eu:8014/stream	0
Radio Mega-HIT Popular	http://megahitpopular.zapto.org:9000/	0
Radio Mega-HiT Popular	https://popular.radiomegahit.eu:9000/stream	0
Radio Mega-HIT Romania	http://radiomegahit.zapto.org:8080/index.html?sid=1	0
Radio Mega-HiT Romania	https://live.radiomegahit.eu:8080/stream	0
Radio Mellomania – RO	http://radio.sonicpanel.ro:8036/index.html?sid=1	0
Radio Mellomania radio	https://radio.sonicpanel.ro/8036/stream	0
Radio Mess Romania	https://radio.servereradio.eu:8123/stream	0
Radio Miraj Romania - www.radiomiraj.ro	https://free.rcast.net/10102	0
Radio Mirajul Muzici	http://live.radiomiraj.ro:9952/	0
Radio Mirajul Muzicii	https://live.radiomiraj.ro:9952/stream	0
RADIO MIRAJUL MUZICII	http://live.radiomiraj.ro:9952/stream	0
Radio Mirajul Muzicii	http://livemp3.radiopopular.ro:7777/	0
Radio Mirajul Muzicii Listen live	https://free.rcast.net/200388	0
Radio Mix Craiova – Craiova – RO-DJ	http://live.mixcraiova.ro:8241/index.html?sid=1	0
Radio Mix Craiova radio	http://live.mixcraiova.ro:8241/	0
Radio Mixx Romania radio	https://live.radiomixx.ro:8888/stream	0
Radio Motan	https://ssl.asculta.live/8308/stream	0
Radio Motan Romania	https://ssl.radios.show/8046/stream	0
Radio Mplus FM	https://s4.ssl-stream.com:7880/live	0
Radio Music Club – RO-AR	https://sonic1-rbx.cloud-center.ro/8024/stream	0
Radio Music FM	http://80.86.106.110:8000/index.html?sid=1	0
Radio My Love	https://asculta.muzicaok.de:8026/stream	0
Radio Mynele	http://live.radiomynele.ro:8000/index.html?sid=1	0
Radio Mynele	https://live.radiomynele.ro/8000/stream	0
Radio Mynele ROMANIA - www.radiomynele.ro	https://free.rcast.net/324	0
Radio Nebunya	http://asculta.radionebunya.ro:7575/	0
Radio Nebunya radio	http://radionebunya.sytes.net:7575/	0
Radio Noise	http://live.radionoise.ro:9100/	0
Radio Noise Chillout	https://chilloutlive.radionoise.ro:9040/index.html?sid=1	0
Radio Noise Club	https://clublive.radionoise.ro:9180/stream	0
Radio Noise Disco	https://discolive.radionoise.ro:9020/stream	0
Radio Noise Gold	https://goldlive.radionoise.ro:9170/stream	0
Radio Noise Greatest Hits	https://greatesthitslive.radionoise.ro:9010/stream	0
Radio Noise HipHop	https://hiphoplive.radionoise.ro:9110/stream	0
Radio Noise Hits	https://hitslive.radionoise.ro:9140/stream	0
Radio Noise House	https://houselive.radionoise.ro:9030/stream	0
Radio Noise Mix	https://mixlive.radionoise.ro:9190/stream	0
Radio Noise Party	https://partylive.radionoise.ro:9160/stream	0
Radio Noise Retro	https://retrolive.radionoise.ro:9120/stream	0
Radio Noise Rock	https://rocklive.radionoise.ro:9130/stream	0
Radio Noise Romania	http://live.radionoise.ro:9100/stream	0
Radio Noise Romania	https://live.radionoise.ro:9100/stream	0
Radio Noise Summer Hits	https://summerhitslive.radionoise.ro:9050/index.html?sid=1	0
Radio Noise Trance	https://trancelive.radionoise.ro:9060/index.html?sid=1	0
Radio Noise We Love 80s	https://welove80slive.radionoise.ro:9080/stream	0
Radio Noise We Love 90s	https://welove90slive.radionoise.ro:9090/stream	0
Radio Noise XMAS	http://xmaslive.radionoise.ro:9150/index.html?sid=1	0
Radio Noise XMAS	https://xmaslive.radionoise.ro:9150/stream	0
Radio Nolimit Romania	https://live.radiomanelemix.ro/9999/stream	0
Radio Nova Mix	https://radio.novamix.ro:8042/stream	0
Radio Nova Mix	https://asculta.muzicaok.de:8042/stream	0
Radio Nova Mix Popular	https://radio.novamix.ro:8044/stream	0
Radio Nova22	http://s2.myradiostream.com:4520/listen.m4a	0
Radio Oaspete.ro	https://radio.oaspete.ro/hls/live/live.m3u8	0
Radio Oastea Domnului	http://rod128.oasteadomnului.ro:8000/stream.mp3	0
Radio Oldies  Listen live	https://radio-oldies.stream.laut.fm/radio-oldies?ref=radiode&t302=2025-12-20_15-32-23&uuid=e07a7b8d-8499-4314-8f82-647f65a2a60e	0
Radio Oldies Romania	http://asculta.radiooldies.ro:9200/index.html?sid=1	0
Radio Oldies Romania	https://live.radiooldies.ro:9200/stream	0
Radio Oldies Romania – Bucharest – RO-B	http://live.radiooldies.ro:9200/stream	0
Radio Oradea	https://live.radiooradea.ro:9000/stream	0
Radio Orion 91.7 FM radio	http://live.orionradio.ro:8070/stream	0
Radio Ortodox Online	http://www.ortodoxradio.ro:9000/stream	0
Radio Party Bucuresti radio	https://ssl.omegahost.ro/8050/stream	0
Radio Party Romania – RO	https://fdsfdsfdsf.radio12345.com/intro.mp3	0
Radio Pentru Voi	http://eu2.fastcast4u.com:3438/stream.nsv	0
Radio Petrecaretzu	http://radiopetrecaretzu.zapto.org:8383/stream	0
Radio Petrecaretzu – Sector 6 – RO-B	http://live4.radiopetrecaretzu.ro:8383/index.html?sid=1	0
Radio Petrecere radio	http://petrecere.fmradiomanele.ro:8123/stream.nsv	0
Radio Petrecere Romania	http://petrecere.fmradiomanele.ro:8123/stream	0
Radio Petrecere Romania	http://petrecere.fmradiomanele.ro:8123	0
Radio Petrecere Romania	http://petrecere.radiomaneleromania.ro:7000/index.html?sid=1	0
Radio Petrecere România	https://ssl.servereradio.ro/8123/stream	0
Radio Pitesti 1 Romania	https://ssl.radios.show:7008/stream	0
Radio Play Caffe	https://play.global.audio/cafe.aac?dist=PREDAVATEL	0
Radio Popular	http://livemp3.radiopopular.ro:7777/stream.mp3	0
Radio Popular	http://live2.radiopopular.ro:8888/index.html?sid=1	0
Radio Popular Oldies	http://oldies.radiopopular.ro:8008/index.html?sid=1	0
Radio Popular Oldies – Craiova – RO-DJ	http://oldies.radiopopular.ro:8008/index.html?sid=1	0
Radio Popular Oltenia	http://89.39.189.21:8889/	0
Radio Popular Petrecere – Timişoara – RO-TM	https://livessl.radiopopular.ro:7777/live	0
Radio Popular radio	https://livessl.radiopopular.ro:7777//live	0
Radio PowerFM Romania	https://ssl.radios.show/8036/stream	0
Radio Powerplayfm radio	https://radio.sonicpanel.ro/8086/stream	0
Radio Prahova	https://streamx.rph.ro:8100/relay	0
Radio Prahova 99.2 FM	http://streamx.rph.ro:8002/relay	0
Radio Pro Intens	https://sonicssl.namehost.ro/8181/stream	0
Radio Pro Lider radio	http://82.77.106.109:8000/stream/1/	0
Radio Pro LiderFM	http://liderfm.go.ro:8000/stream/1/	0
Radio Pro Manele	http://radiopromanele.zapto.org:8000/stream	0
Radio Pro Manele – Bucharest – RO-B	http://radiopromanele.zapto.org:8000/	0
Radio Pro Manele radio	http://radiopromanele.zapto.org:8000/stream.nsv	0
Radio Pro Manele Romania WwW.RadioProManele.Com	https://free.rcast.net/2579	0
Radio Pro Mix	https://ssl.omegahost.ro:8102/index.html?sid=1	0
Radio Pro Mix radio	https://ssl.omegahost.ro:8102/stream.nsv	0
Radio Pro Popular – Bucharest – RO-B	http://live.radiopropopular.com:9998/	0
Radio Pro-B	https://live.radioprob.ro:8888/stream	0
Radio Pro-B	http://live.radioprob.ro:8888/index.html?sid=1	0
Radio Pro-Hit	http://asculta.radioprohit.ro:8000/stream	0
RADIO PRO-HIT MANELE	http://live64radioprohit.zapto.org:8000/	0
Radio Pro-Hit radio	http://asculta.radioprohit.ro:8000/	0
Radio Proton	https://17653.live.streamtheworld.com/SP_R3639920_SC	0
Radio Proton radio	https://17653.live.streamtheworld.com/SP_R3639920_SC?dist=onlineradiobox	0
Radio Psalmi radio	http://78.47.64.186:8082/listen/radio_psalmi/radio.mp3	0
Radio Puls 94.7 FM	http://mxii.go.ro:8090/index.html?sid=1	0
Radio Puls 94.7 FM	http://mxii.go.ro:8090/stream	0
Radio Puls 94.7 FM radio	http://mxii.go.ro:8090/stream.nsv	0
Radio Pur & Simplu Crestin radio	https://listen.radioking.com/radio/257134/stream/301759	0
Radio Qanon	http://89.39.189.40:8000/	0
RADIO ROAMNCE 21 - ETNO	https://free.rcast.net/200681	0
Radio Rock 89	http://89.39.189.40:8000/mp3	0
Radio RoDream	https://radio.sonicpanel.ro/radiodream/stream	0
Radio Romance 21.ETNO	https://free.rcast.net/200719	0
RADIO ROMANCE 21.ROMANIA	http://live.radioromance21.ro:9950/	0
Radio Romance21 Romania - www.radioromance21.ro	https://free.rcast.net/78	0
Radio Romania (Iași)	https://stream02.pcradio.biz/romania_iasi-med	0
Radio Romania Actualitati	https://stream02.pcradio.biz/rom_actualitati-med	0
Radio Romania Brașov FM	https://stream02.pcradio.biz/romania_brasov-med	0
Radio Romania International	https://www.rri.ro/live_stream/rri_mp3_128_2.m3u	0
Radio Romania Oltenia	https://stream02.pcradio.biz/romania_oltenia-med	0
Radio Romania Târgu Mures	http://live.radiobandit.ro:8000/bandit.aac	0
Radio Romanian	https://usa10.fastcast4u.com:9520/?type=http&ampnocache=1705149913	0
Radio Romanian - Colinde	http://asculta.radioromanian.net:8600/stream.mp3	0
Radio Romanian - Disco	http://asculta.radioromanian.net:8700/stream.mp3	0
Radio Romanian – Manele	http://asculta.radioromanian.net:8100/stream	0
Radio Romanian - Rock	http://asculta.radioromanian.net:8800/stream.mp3	0
Radio Romanian Colinde	https://asculta.radioromanian.net/colinde	0
Radio Romanian Colinde	http://asculta.radioromanian.net:8100/	0
Radio Romanian Colinde – Găeşti – RO-DB	http://asculta.radioromanian.net:8600/index.html?sid=1	0
Radio Romanian Dance	https://asculta.radioromanian.net/dance	0
Radio Romanian Disco	http://asculta.radioromanian.net:8700/;?icy=http	0
Radio Romanian Hip Hop	https://asculta.radioromanian.net/hiphop	0
Radio Romanian Hip-Hop – Găeşti – RO-DB	http://asculta.radioromanian.net:8400/index.html?sid=1	0
Radio Romanian Manele	https://asculta.radioromanian.net/manele	0
Radio Romanian Manele	http://asculta.radioromanian.net:8100/stream/1/	0
Radio Romanian Manele – Găeşti – RO-DB	http://asculta.radioromanian.net:8300/stream	0
Radio Romanian Popular – Găeşti – RO-DB	http://asculta.radioromanian.net:8500/stream	0
Radio Romanian Rock	http://asculta.radioromanian.net:8800/;?icy=http	0
Radio Romanian Rock – Găeşti – RO-DB	http://asculta.radioromanian.net:8800/stream	0
Radio Romantic (Romania)	https://stream02.pcradio.biz/rad_rmntr-med	0
Radio ROMANtik	https://radio-romantik.ro/listen/radio_romantic/radio.mp3	0
Radio Select Romania	https://free.rcast.net/247027	0
Radio Sentimental Banat	https://radio.sonicpanel.ro:8090/stream	0
Radio Simplu	http://asculta.radiosimplu.ro:7500/index.html?sid=1	0
Radio Simplu – Bucharest – RO-B	http://asculta.radiosimplu.ro:7500/index.html?sid=1	0
Radio Sky FM	http://89.43.138.116:8000/radiosky.mp3	0
Radio Smile FM	https://sonicssl.namehost.ro/8040/	0
Radio Soimus	http://www.radionomy.com/index.html	0
radio SOMEȘ	https://radio.mediacp.eu/stream/radiosomes	0
Radio Sound Four You radio	https://ssl.radios.show/8018/stream	0
Radio Sport 1	https://acasalafilm.xyz:25463/live/radiosport1live/FdxqCqOZBg/7679.m3u8	0
Radio Stabil Pitesti	http://radiostabil.zapto.org:9986/stream.nsv	0
Radio Stabil Pitesti radio	https://live.radiostabilpitesti.eu:9986/stream	0
Radio Star 901 FM	http://188.27.233.177:8080/	0
Radio Star 95.1 Romania	http://radio.ascultatare.ro:8000/stream	0
Radio Stil Dej	http://92.180.18.201:8000/index.html?sid=1	0
Radio Stil Romania radio	https://mp3.radiostill.ro:8888/stream	0
Radio Sud Constanta	http://asculta.radiosudconstanta.com:8750/stream.nsv	0
Radio Sud Constanta radio	https://sonicssl.namehost.ro/8750/stream	0
Radio Super	https://asculta.muzicaok.de:8046/stream	0
Radio Super FM	https://live.superfm.ro/stream.mp3?	0
Radio Super Live Romania	http://radiosuperlive.servemp3.com:8018/index.html?sid=1	0
Radio Superb Brasov	https://live.superfm.ro/stream.mp3?nocache=0.48263294609630647	0
Radio Taraf Manele	http://asculta.radiotaraf.ro:7100/index.html?sid=1	0
Radio Taraf Manele Romania	https://ddos.radiotaraf.ro/7100/stream	0
Radio Taraf Petrecere	https://ddos.radiotaraf.ro/9000/stream	0
Radio Taraf Petrecere Populara	http://etno.radiotaraf.ro:7100/index.html?sid=1	0
Radio Taraf Romania	https://ivm.antenaplay.ro/liveaudio/radioromantic/playlist.m3u8	0
Radio Tchaikovscky	https://live.radioclasic.com/listen/radio_clasic_tchaikovscky/live.mp3	0
Radio Tecuci	https://radio.gazduirejocuri.ro/9996/stream	0
Radio Tequila 100% RO – 100 FM – Bucharest – RO-B	https://free.rcast.net/200354	0
Radio Tequila Colinde – Bucuresti – RO-B	https://free.rcast.net/200334	0
Radio Tequila Dance	http://dance.radiotequila.ro:7000/	0
Radio Tequila Dance – Bucuresti – RO-B	https://www.radiotequila.ro/dance.pls	0
Radio Tequila Dance (București)	https://dance.radiotequila.ro/7000/stream	0
Radio Tequila Dance Romania	http://dance.radiotequila.ro:7000/stream.nsv	0
Radio Tequila Dance Romania wWw.RadioTequila.Ro	https://free.rcast.net/200335	0
Radio Tequila Hip Hop – Bucuresti – RO-B	https://free.rcast.net/200336	0
Radio Tequila Hip-Hop Romania wWw.RadioTequila.Ro	https://free.rcast.net/16577	0
Radio Tequila Manele (București) radio	https://ssl.servereradio.ro/7000/stream	0
Radio Tequila Manele Romania	http://asculta.radiotequila.ro:7000/	0
Radio Tequila Muzica Romaneasca 100% RO	https://dance.radioprohit.ro:8040/stream	0
Radio Tequila Petrecere – Bucuresti – RO-B	https://free.rcast.net/200353	0
Radio Tequila Petrecere (București)	https://petrecere.radiotequila.ro/7000/stream	0
Radio Tequila Petrecere (București)	https://ssl.omegahost.ro/7000/stream	0
Radio Tequila Petrecere Romania	http://petrecere.radiotequila.ro:7000/	0
Radio Tequila Petrecere Romania wWw.RadioTequila.Ro	https://free.rcast.net/200356	0
Radio Terranova	https://sonic1-rbx.cloud-center.ro:8026/stream	0
Radio TimiBanat - Eurodisco	http://streaming12.elitecomunicacion.es:8102/stream	0
Radio TimiBanat Popular	http://live.radiotop.ro:8000/	0
Radio Timisoara AM	https://live.radiotop.ro/radio/8000/radio.mp3?1605648477	0
Radio Top Suceava	https://live.radiotop.ro/radio/8000/radio.mp3	0
Radio Total	http://91.220.63.121:8000/index.html?sid=1	0
Radio Total 96.9 FM	http://radiototal.radioca.st/index.html?sid=1	0
Radio Total FM	https://radiototal.radioca.st/stream/	0
Radio Total FM – Bucharest – RO-B	http://albireo.shoutca.st:9933/index.html?sid=1	0
Radio Total Romania	http://live.radiototalromania.ro:8000/stream	0
Radio TOTAL Romania – Bucharest – RO-B	http://live.radiototalromania.ro:8000/index.html?sid=1	0
Radio Traditional Romania Nemesis	https://play.wrhradios.com/8010/stream	0
Radio Tranquila	https://live.radiotranquila.net:8032/stream	0
Radio Tranquila Manele	https://radio.ascultatare.ro:8032/stream	0
Radio Transilvania Cluj	https://cdn-embed.tunein.com/resources/media/blank.mp3	0
Radio Transilvania Cluj Napoca	http://live.radiotrinitas.ro:8000/index.html?sid=1	0
Radio Trapanele radio	https://live.radiotrapanele.ro/8132/stream	0
Radio Trecator	https://radio.trecator.ro/	0
Radio Trecător România	https://stream.trecator.ro/aac48kbps?	0
Radio Trinitas	http://81.196.25.70:8000/	0
Radio Turda	https://live.aftech.ro/radio/8010/radio.mp3	0
Radio TV Unirea	https://s1.bcmsol.ro/8002/stream	0
Radio UMF Craiova	https://sonic2-rbx.cloud-center.ro:8072/stream	0
Radio Underland	https://radio.underland.team/radio/8000/radio.mp3	0
Radio Unique	http://listen.radiounique.ro:8106/live	0
Radio Unique	https://listen.radiounique.ro/listen/radio_unique_romania/live	0
Radio Unique Romania	https://sp.streams.ovh/8006/live	0
Radio USV	http://live2.usv.ro:8000/audio.mp3	0
Radio Valoare Manele Vechi	https://ssl.omegahost.ro/8000/stream	0
Radio Veselia Folclor	https://sonicssl.namehost.ro/8232/stream	0
Radio Veselia Folclor radio	https://ssl.omegahost.ro/8232/stream	0
Radio Vestea Buna	http://c34.radioboss.fm:8175/autodj	0
Radio Veve Magyar	http://nashe1.hostingradio.ru/best-128.mp3?vvv223	0
Radio VIP	http://live.radiovip.ro:8969/stream	0
Radio VIP - wWw.RadioVip.Ro - Radio Manele Romania	https://free.rcast.net/8972	0
Radio VIP FM	http://live1.radiovip.ro:8969/stream.nsv	0
Radio VIP FM	https://live1.radiovip.ro:8969/stream	0
Radio VIP FM	http://live1.radiovip.ro:8969/	0
Radio Vip FM radio	https://radio.sonicpanel.ro/8270/stream	0
Radio VIP Manele – Bucharest – RO-B	http://live2.radiovip.ro:8969/index.html	0
Radio VIP Manele Romania - www.RadioVip.ro	https://free.rcast.net/14138	0
Radio VIP Romania	http://live1.radiovip.ro:8969/stream	0
Radio Viva FM	https://cloud.radiosonicpanel.ro:8010/stream	0
Radio Viva FM	https://cloud.radiosonicpanel.ro/8014/stream	0
Radio Viva FM	https://cloud.radiosonicpanel.ro:8006/stream	0
RADIO VIVI	https://free.rcast.net/200690	0
Radio Vocativ Romania	https://c15.radioboss.fm:18229/stream	0
Radio Vocea Creștinilor radio	https://listen.radioking.com/radio/494884/stream/551902	0
Radio Vocea Evangheliei - Suceava 94.2 FM	http://s9.yesstreaming.net:7014/stream	0
Radio Vocea Evangheliei Cluj	https://insomniafm.cloudrad.io/;	0
Radio Vocea Evangheliei Cluj radio	https://s23.myradiostream.com/:18366/listen.mp3?nocache=1632949802	0
Radio Vocea Romaniei	http://perseus.shoutca.st:8516/	0
Radio Xtream	https://ssl.radios.show/8022/stream	0
Radio Xtream	https://ssl.radios.show:7008/index.html?sid=1	0
Radio Xtream Romania	https://asculta.radioxtream.com/8022/stream	0
Radio Zalau	https://radiozero.ro/listen/muzica-de-la-zero/radio.mp3	0
Radio ZEN radio	https://streaming.shoutcast.com/radiozen	0
Radio Zeus Romania	https://sonicpanel.namehost.ro/8050/stream	0
Radio Zu – 100.6 FM – Eforie Nord – RO-CT	https://ivm.antenaplay.ro/liveaudio/radiozu/playlist.m3u8	0
Radio ZU radio	https://live4ro.antenaplay.ro/radiozu/radiozu-48000.m3u8	0
Radio1Pitesti Muzica romaneasca populara petrecere manele etno Romanian cu Dj Daniel de la Dacia	https://free.rcast.net/256766	0
Radio25 Romania	https://radio.sonicpanel.ro/radio25/stream	0
Radio2Nebuni	https://online.radioxat.ro/8010/stream	0
Radio4_you Dance	https://radio.sonicpanel.ro/8042/stream	0
Radio4_you România	https://radio.sonicpanel.ro:8072/index.html?sid=1	0
RadioBestLove2019	https://ssl.kenhost.ro:8010/stream	0
RadioBestSong radio	https://asculta.muzicaok.de:8024/stream	0
RadioClick	http://live.radioclick.ro:8008/	0
RadioDrastick	https://asculta.muzicaok.de:10980/	0
RadioDrastick radio	https://asculta.muzicaok.de:8014/stream?icy=http	0
RadioExclusiv radio	https://ssl.radios.show/8026/stream	0
RadioFly	https://play.wrhradios.com/8042/stream	0
RadioFly	http://live.radiofly.ro:8000/RS	0
RadioGoogleVirtual  Reggaeton	https://radio.sonicpanel.ro:8118/stream	0
RadioGoogleVirtual HipHop-R&amp;B	https://radio.sonicpanel.ro/8126/stream	0
RadioGoogleVirtual Manele Hit	https://radio.sonicpanel.ro/8104/stream	0
RadioGoogleVirtual Manele Live	https://radio.sonicpanel.ro/8130/stream	0
RadioHot	https://asculta.muzicaok.de:10991/;	0
RadioHot radio	https://asculta.muzicaok.de:10991/	0
RadioKlass	https://radio.sonicpanel.ro/8044/stream	0
RadioPlay Colinde Romania	http://colinde2.radioplay.ro:9292/stream	0
RadioPlay Colinde Romania	http://colinde2.radioplay.ro:9292/;stream.nsv	0
RadioPlay Dance Romania	https://mscp1.gazduireradio.ro:1230/stream	0
RadioPlay Live	http://live3.radioplay.ro:8181/	0
RadioPlay Live Romania	http://live3.radioplay.ro:8181/stream.nsv	0
RadioPlay Live Romania	http://live3.radioplay.ro:8181/stream	0
RadioPlay Manele Romania	http://manele2.radioplay.ro:7171/stream	0
RadioPlay Manele Romania	http://manele2.radioplay.ro:7171/;stream.nsv	0
RadioPlay Trance Romania	http://trance2.radioplay.ro:9092/stream	0
RadioPlay Trance Romania	http://trance2.radioplay.ro:9092/;stream.nsv	0
RadioPoetic	https://asculta.muzicaok.de:8054/stream	0
radiorock Listen live	https://radiorock.stream.laut.fm/radiorock?ref=radiode&t302=2025-12-20_15-32-20&uuid=11f617dc-f681-4cd7-ae3e-7e3b21698fcf	0
RadioTaraf Romania	http://asculta.radiotaraf.com:7100/stream	0
Radiouri Manele	https://play.wrhradios.com/8044/stream	0
RadiovipFM.Ro Petrecere	https://radio.sonicpanel.ro/8168/stream	0
RadiovipFM.Ro Rap	https://radio.sonicpanel.ro/8184/stream	0
RauteMusik - Christmas Chor Listen live	https://rautemusik.stream17.radiohost.de/rm-christmas-chor_mp3-192?ref=rm5beta&upd-meta&upd-scheme=https&_art=dD0xNzY2MjQ1MDQyJmQ9YTM0ODU1ODk5ZTY4NWY3Y2FjMjI	0
Régió Rádió	https://stream.regioradio.info:8000/radio.mp3	0
Relax - Radio Dacia	http://5.2.198.216:8014/index.html?sid=1	0
Relax – Radio Dacia	https://streaming.napocalive.ro/radio-dacia03	0
RFI Romania	https://asculta.radiorfi.ro/live.aac	0
RFI Romania	http://asculta.rfi.ro:9128/live.aac	0
RFI Romania 93.5 FM	http://asculta.rfi.ro:9128/live.mp3	0
RFI România	https://asculta.rfi.ro/live.mp3	0
Riccy 1 Italia	http://riccy1italia.stream.laut.fm/riccy1italia?t302=2025-12-20_15-30-51&uuid=3d827c55-42ef-4a80-a238-df4af0894b11	0
Rock 89 Radio	http://89.39.189.40:8000/stream	0
Rock And More	https://cloud.radiosonicpanel.ro/8022/stream	0
Rock And More radio	https://sonic2-rbx.cloud-center.ro/8016/stream	0
Rock Fm	https://live.kissfm.ro/rockfm.aacp	0
Rock FM (Bucharest) Radio	https://stream02.pcradio.biz/rockfm_ro-med	0
Rock FM 100.6 FM	http://live.rockfm.ro/rockfm.aacp	0
Rock Fm Ballads	https://live.rockfm.ro/ballads.rock	0
Rock Fm Blues	https://live.rockfm.ro/blues	0
Rock Fm Hard Rock	http://live.radiotequila.ro:7000/;	0
Rock Fm Romania	http://bit.ly/3uqhdbv	0
Rock FM România	https://live.rockfm.ro/rockfm.aacp	0
Rockstar Radio	https://a5.asurahosting.com:7120/radio.mp3	0
Romania Antena Satelor	https://free.rcast.net/200591	0
Romantic FM	https://live7digi.antenaplay.ro/radioromantic/radioromantic.m3u8	0
Rra Romania Actualitati	https://free.rcast.net/200424	0
RSM - Psalmi si muzica	http://89.39.189.31:8000/index.html?sid=1	0
RVE - Suceava radio	https://s9.yesstreaming.net:7014/stream	0
RVE Bucuresti - RADIO DE CUVANT	https://streamer.radio.co:80/sb94ce6fe2/listen	0
RVE Internaţional	http://162.244.80.34:9648/stream/1/	0
RVE Muzică Radio	http://162.244.80.32:9470/stream	0
RVE Predici Radio	http://162.244.80.32:9468/stream	0
RVE Viena pentru mobil	http://s3.free-shoutcast.com:18202/	0
Select Radio	https://ssl.kenhost.ro/8028/stream	0
Shuffle FM	http://bluz.ro:8000/	0
Sky Radio, Bucharest	https://edge72.streamonkey.net/radio-plassenburg/stream/mp3?aggregator=rds24_rs15_rp_mp3	0
Sky Sound Radio	http://puma.streemlion.com:1700/stream	0
Smart FM 107.3	http://spacefm.live/radio/8000/spacefm128	0
SoundTrack Radio	https://live.radioclasic.com/listen/radio_clasic_soundtrack/live.mp3	0
SoundVibe Radio	https://s4.radio.co/s599dc3645/listen	0
Space FM Romania	https://spacefm.live/radio/8000/spacefm128	0
SpaceFM Retro Radio	https://retro.spacefm.live/listen/spacefm_retro/retro128	0
speedradio Listen live	https://speedradio.stream.laut.fm/speedradio?ref=radiode&t302=2025-12-20_15-32-19&uuid=911b9136-1e54-4d69-b10f-966a2aa85d05	0
Sport Total FM radio	https://livesptfm.com/SPTFM/Live/playlist.m3u8	0
SRR Radio 3Net	http://media.3netmedia.ro:8080/hls/stream.m3u8	0
Star FM 90.1	http://84.232.147.169:9090/	0
Star FM Sebes	http://188.27.233.177:8080	0
StarFmRomania2022 radio	https://asculta.muzicaok.de:8060/stream	0
Summer Hits Radio	https://live.radioclasic.com/listen/radio_clasic_summerhits/live.mp3	0
Sunrise Radio	https://ssl.radios.show/8034/stream	0
Super FM – 93.8 FM – RO-BV	https://live.superfm.ro/stream	0
Super FM Brasov	https://live.radiobrasov.ro/stream.mp3?source=radionet	0
Super FM Brasov Listen live	https://live.superfm.ro/stream.mp3?source=radionet	0
Super FM Brasov radio	https://radio.sonicpanel.ro/8028/stream	0
SuperFM Brașov	https://live.superfm.ro/stream.mp3	0
Supersonic Radio	https://s5.radio.co/s08e5c5875/listen	0
Supravibe Radio	https://supraviberadio-radiohosting.radioca.st/stream	0
Sweet FM 95.9	https://live.gofm.ro:2000/stream/SWEET/stream.mp3	0
Sweet Vibes Radio	https://a8.asurahosting.com:7640/radio.mp3	0
Szépvíz FM Radio	https://szepvizfm.ro:8000/stream	0
Szépvíz Rádió Radio	https://stream02.pcradio.biz/szepviz_radio-med	0
Teen FM, Bucharest radio	https://sonic2-rbx.cloud-center.ro/8018/streamstream.nsv	0
Terra FM	http://12.stmip.net:8956/stream	0
theRebel Radio	https://stream.clever-host.ro/8032/stream	0
theRebel Romania	https://ascella.streamerr.co/radio/8410/radio.mp3	0
Tomorrowland One World Radio	https://22183.live.streamtheworld.com/OWR_INTERNATIONAL.mp3	0
Traditional - Radio Dacia	http://5.2.198.216:8020/index.html?sid=1	0
Traditional – Radio Dacia	https://streaming.napocalive.ro/radio-dacia06	0
TrandafirulRosul	http://live.radioromance21.ro:9950/stream.nsv	0
Transilvania.Online	https://s2.radio.co/sce9d4eadd/listen	0
Transylvania Hits Radio	https://live.aftech.ro/listen/transylvania_hits/stream	0
True LIfe In God Radio Romanian	https://stream.tligradio.org/listen/romanian/radio.mp3	0
TVR 1 – Bucharest – RO-B	http://89.136.209.27:1935/cartons/mp4:tvr-plus-geoip.mp4/playlist.m3u8	0
Unique Romania	https://listen.radiounique.ro:8106/live	0
Urban Sunsets	https://15113.live.streamtheworld.com/SAM05AAC080.mp3	0
Urban Sunsets Listen live	https://stream.radio.co/sedf8bacc9/listen	0
Urban Sunsets Radio Station	http://stream.radio.co/sedf8bacc9/listen	0
Vibe Fm (Remember)	https://radio.sonicpanel.ro/8052/stream	0
Vibe FM Romania radio	https://live.radiovibefm.eu:8052/stream	0
Vibe Music Romania	https://stream.clever-host.ro:7006/stream	0
Vinyl, Rum, Tapas & Wine (VRTW)	http://streamer.radio.co/s17198c529/listen	0
Virgin Radio (Radio 21)	https://ssl.radios.show/8008/	0
Viva FM Falticeni	https://cloud.radiosonicpanel.ro:8012/stream	0
Viva FM Hârlău	https://cloud.radiosonicpanel.ro:10997/	0
Viva FM Pascani	https://cloud.radiosonicpanel.ro:10985/index.html?sid=1	0
Viva FM Radauti	https://cloud.radiosonicpanel.ro:10983/index.html	0
Viva FM Suceava	https://cloud.radiosonicpanel.ro:10992/index.html	0
Vocea Credintei	https://c26.radioboss.fm:18191/stream	0
Vocea Evangheliei	https://streamer.radio.co/sb94ce6fe2/listen	0
Vox FM 88.6	http://stream.voxfm.ro:8000/stream/1/?type=.mp3	0
Vox Rdi	http://stream.voxfm.ro:8000/stream/1/	0
WAVE Radio	https://s2.ssl-stream.com/listen/wave_radio/radio.mp3	0
We Radio 91 FM	http://amber.streamguys.com:5540/live	0
West City Radio	https://live.westcityradio.ro:8000/mp3	0
West City Radio – 88.8 FM – Timişoara – RO-TM	http://live.westcityradio.ro:8000/mp3	0
West City Radio 88.8 FM	https://live.westcityradio.ro:8443/aac	0
Whiteheaven Radio	https://a4.asurahosting.com:7000/stream	0
Work From Home Radio – Cluj-Napoca – RO-CJ	http://89.39.189.73:8000/index.html?sid=1	0
Xtend Radio	https://live.xtendradio.ro/mp3	0
YOU FM Romania radio	https://stream.darkedge.ro:8002/stream/1/	0
Zona Libera Raptz	https://listen.radioking.com/radio/41620/stream/78175	0
